[{"\"Champion's Song\" Painting": {"\u7d75\u753b\u300c\u82f1\u96c4\u306e\u6b4c\u300d": {"Basic Information": [{"Type": "Info Item"}, {"Category": "Painting"}, {"Max. Held": "1"}, {"Item Effect": "Reminiscence of the painting \"Champion's Song\""}, {"Online Trade": "No"}]}}}, {"\"Flightless Bird\" Painting": {"\u7d75\u753b\u300c\u98db\u3079\u306a\u3044\u9ce5\u300d": {"Basic Information": [{"Type": "Info Item"}, {"Category": "Painting"}, {"Max. Held": "1"}, {"Item Effect": "Reminiscence of the painting \"Flightless Bird\""}, {"Online Trade": "No"}]}}}, {"\"Homing Instinct\" Painting": {"\u7d75\u753b\u300c\u5e30\u5de3\u300d": {"Basic Information": [{"Type": "Info Item"}, {"Category": "Painting"}, {"Max. Held": "1"}, {"Item Effect": "Reminiscence of the painting \"Homing Instinct\""}, {"Obtained": "Artist's Shack"}, {"Online Trade": "No"}]}}}, {"\"Prophecy\" Painting": {"\u7d75\u753b\u300c\u9810\u8a00\u300d": {"Basic Information": [{"Type": "Info Item"}, {"Category": "Painting"}, {"Max. Held": "1"}, {"Item Effect": "Reminiscence of the painting \"Prophecy\""}, {"Online Trade": "No"}]}}}, {"\"Redmane\" Painting": {"\u7d75\u753b\u300c\u8d64\u7345\u5b50\u300d": {"Basic Information": [{"Type": "Info Item"}, {"Category": "Painting"}, {"Max. Held": "1"}, {"Item Effect": "Reminiscence of the painting \"Redmane\""}, {"Online Trade": "No"}]}}}, {"\"Resurrection\" Painting": {"\u7d75\u753b\u300c\u518d\u8a95\u300d": {"Basic Information": [{"Type": "Info Item"}, {"Category": "Painting"}, {"Max. Held": "1"}, {"Item Effect": "Reminiscence of the painting \"Resurrection\""}, {"Online Trade": "No"}]}}}, {"\"Sorcerer\" Painting": {"\u7d75\u753b\u300c\u9b54\u8853\u5e2b\u300d": {"Basic Information": [{"Type": "Info Item"}, {"Category": "Painting"}, {"Max. Held": "1"}, {"Item Effect": "Reminiscence of the painting \"Sorcerer\""}, {"Online Trade": "No"}]}}}, {"1.00": [{"Released": "February 25th, 2022"}, {"Version": "1.00"}]}, {"1.02": [{"Released": "February 24th, 2022"}, {"Version": "1.02"}]}, {"1.03": [{"Released": "March 17th, 2022"}, {"Version": "1.03"}]}, {"1.04": [{"Released": "April 19th, 2022"}, {"Version": "1.04"}]}, {"1.05": [{"Released": "June 13th, 2022"}, {"Version": "1.05"}]}, {"1.06": [{"Released": "August 9th, 2022"}, {"Version": "1.06"}]}, {"1.07": [{"Released": "October 13th, 2022"}, {"Version": "1.07"}]}, {"1.08": [{"Released": "December 7th, 2022"}, {"Version": "1.08"}]}, {"1.09": [{"Released": "March 23rd, 2023"}, {"Version": "1.09"}]}, {"1.10": [{"Released": "July 26th, 2023"}, {"Version": "1.10"}]}, {"Alabaster Lord's Sword": [{"Basic Information": [{"Type": "Greatsword"}, {"Attack type": "Standard/Pierce"}, {"Skill": "Alabaster Lords' Pull"}, {"FP Cost": "15"}, {"Weight": "8.0"}, {"Sell Price": "500"}, {"Online Trade": "Yes"}]}, {"Stats": [{"Stats": [{"Attack Power": "Guarded Damage Negation"}, {"Physical:": {"128": {"Physical:": "56"}}}, {"Magic:": {"38": {"Magic:": "33"}}}, {"Fire:": {"0": {"Fire:": "27"}}}, {"Lightning:": {"0": {"Lightning:": "27"}}}, {"Holy:": {"0": {"Holy:": "27"}}}, {"Critical:": {"100": {"Guard Boost:": "39"}}}]}, {"Attributes": [{"Attribute": {"Required": "Scaling"}}, {"Strength:": [{"16": {"\\1h": {"11": "\\2h"}}}, {"D": []}]}, {"Dexterity:": {"12": "E"}}, {"Intelligence:": {"18": "D"}}, {"Faith:": "0"}, {"Arcane:": "0"}]}]}]}, {"Antspur Rapier": [{"Basic Information": [{"Type": "Thrusting Sword"}, {"Attack type": "Standard/Pierce"}, {"Skill": "Impaling Thrust"}, {"FP Cost": "9"}, {"Weight": "3"}, {"Sell Price": "200"}, {"Online Trade": "Yes"}]}, {"Stats": [{"Stats": [{"Attack Power": "Guarded Damage Negation"}, {"Physical:": {"98": {"Physical:": "47"}}}, {"Magic:": {"0": {"Magic:": "31"}}}, {"Fire:": {"0": {"Fire:": "31"}}}, {"Lightning:": {"0": {"Lightning:": "31"}}}, {"Holy:": {"0": {"Holy:": "31"}}}, {"Critical:": {"100": {"Guard Boost:": "21"}}}]}, {"Attributes": [{"Attribute": {"Required": "Scaling"}}, {"Strength:": [{"10": {"\\1h": {"8": "\\2h"}}}, {"D": []}]}, {"Dexterity:": {"20": "D"}}, {"I": {"n": {"t": {"e": {"l": {"l": {"i": {"g": {"e": {"n": {"c": {"e": ":"}}}}}}}}}}}}, {"F": {"a": {"i": {"t": {"h": ":"}}}}}, {"A": {"r": {"c": {"a": {"n": {"e": ":"}}}}}}]}]}, {"Passive Effects": "Causes scarlet rot buildup"}]}, {"Abandoned Ailing Village": {"Region": {"Gravesite Plain": "(North)"}}}, {"Abandoned Cave": [{"Region": "Caelid"}, {"Type": "Cave"}, {"Boss": "Cleanrot Knight (Sickle) & Cleanrot Knight (Spear)"}]}, {"Abandoned Merchant": {"Overview": [{"Location": "Siofra River"}, {"Role": {"NPC": "Merchant"}}]}}, {"Abandoned Merchant's Bell Bearing": {"Basic Information": [{"Type": "Bell Bearing"}, {"Item Effect": "Offer to Twin Maiden Husks for new item access"}, {"Obtained": {"Abandoned Merchant (Siofra River)": "drop."}}]}}, {"Abandoned Merchant": {"Overview": [{"Location": "Siofra River"}, {"Role": {"NPC": "Merchant"}}]}}, {"Abductor Virgin (Wheel)": {"Overview": {"Location": [{"HP": {"Liurnia of the Lakes:": {"3,213": {"Caria Manor:": {"3,213": {"Raya Lucaria Academy:": {"3,213": {"Mt. Gelmir:": {"4,608": {"Capital Outskirts:": {"4,608": {"Leyndell, Royal Capital:": {"5,250": {"Volcano Manor:": "3,181"}}}}}}}}}}}}}}, {"Runes": {"Liurnia of the Lakes:": {"1,312": {"Raya Lucaria Academy:": {"1,551": {"Mt. Gelmir:": {"2,366": {"Capital Outskirts:": {"2,863": {"Leyndell, Royal Capital:": {"5,250": {"Volcano Manor:": "5,849"}}}}}}}}}}}}]}}}, {"Sentry Stone": {"\u898b\u5f35\u308a\u77f3 Mihari Ishi": {"Overview": {"Location": [{"Runes": "23 - 499"}, {"Drops": "Ruin Fragment"}]}}}}, {"About Adding Affinities": {"\u8aac\u660e\u300c\u5c5e\u6027\u306e\u4ed8\u4e0e\u300d": {"Basic Information": [{"Type": "Info Item"}, {"Category": "Tutorial"}, {"Max. Held": "1"}, {"Item Effect": "Information about adding affinities to armaments"}]}}}, {"About Adding Skills": {"\u8aac\u660e\u300c\u6226\u6280\u306e\u4ed8\u4e0e\u300d": {"Basic Information": [{"Type": "Info Item"}, {"Category": "Tutorial"}, {"Max. Held": "1"}, {"Item Effect": "Information about adding skills"}]}}}, {"About Birdseye Telescopes": {"\u8aac\u660e\u300c\u9ce5\u306e\u9060\u898b\u300d": {"Basic Information": [{"Type": "Info Item"}, {"Category": "Tutorial"}, {"Max. Held": "1"}, {"Item Effect": "Information about birdseye telescopes"}]}}}, {"About Bows": {"\u8aac\u660e\u300c\u5f13\u300d": {"Basic Information": [{"Type": "Info Item"}, {"Category": "Tutorial"}, {"Max. Held": "1"}, {"Item Effect": "Information about bows"}]}}}, {"About Combat with Spirit Ashes": {"Basic Information": [{"Type": "Info Item"}, {"Category": "Tutorial"}, {"Max. Held": "1"}, {"Item Effect": "Information about player combat using spirit ashes."}]}}, {"About Competitive Multiplayer": {"\u8aac\u660e\u300c\u6575\u5bfe\u30de\u30eb\u30c1\u30d7\u30ec\u30a4\u300d": {"Basic Information": [{"Type": "Info Item"}, {"Category": "Tutorial"}, {"Max. Held": "1"}, {"Item Effect": "Information about competitive multiplayer"}]}}}, {"About Containers": {"\u8aac\u660e\u300c\u5bb9\u5668\u30a2\u30a4\u30c6\u30e0\u300d": {"Basic Information": [{"Type": "Info Item"}, {"Category": "Tutorial"}, {"Max. Held": "1"}, {"Item Effect": "Information about containers"}]}}}, {"About Cooperative Multiplayer": {"\u8aac\u660e\u300c\u5354\u529b\u30de\u30eb\u30c1\u30d7\u30ec\u30a4\u300d": {"Basic Information": [{"Type": "Info Item"}, {"Category": "Tutorial"}, {"Max. Held": "1"}, {"Item Effect": "Information about cooperative multiplayer"}]}}}, {"About Crouching": {"\u8aac\u660e\u300c\u3057\u3083\u304c\u307f\u300d": {"Basic Information": [{"Type": "Info Item"}, {"Category": "Tutorial"}, {"Max. Held": "1"}, {"Item Effect": "Information about crouching"}]}}}, {"About Death": {"\u8aac\u660e\u300c\u6b7b\u4ea1\u300d": {"Basic Information": [{"Type": "Info Item"}, {"Category": "Tutorial"}, {"Max. Held": "1"}, {"Item Effect": "Information about death"}]}}}, {"About Dodging": {"\u8aac\u660e\u300c\u56de\u907f\u300d": {"Basic Information": [{"Type": "Info Item"}, {"Category": "Tutorial"}, {"Max. Held": "1"}, {"Item Effect": "Information about dodging"}]}}}, {"About Duels": {"Basic Information": [{"Type": "Info Item"}, {"Category": "Tutorial"}, {"Max. Held": "1"}, {"Item Effect": "Information about duels."}]}}, {"About Fast Travel to Sites of Grace": {"\u8aac\u660e\u300c\u795d\u798f\u3078\u306e\u79fb\u52d5\u300d": {"Basic Information": [{"Type": "Info Item"}, {"Category": "Tutorial"}, {"Max. Held": "1"}, {"Item Effect": "Information about fast travel to sites of grace"}]}}}, {"About Flask of Wondrous Physick": {"\u8aac\u660e\u300c\u970a\u85ac\u306e\u8056\u676f\u74f6\u300d": {"Basic Information": [{"Type": "Info Item"}, {"Category": "Tutorial"}, {"Max. Held": "1"}, {"Item Effect": "Information about Flask of Wondrous Physick"}]}}}, {"About Great Runes": {"\u8aac\u660e\u300c\u5927\u30eb\u30fc\u30f3\u300d": {"Basic Information": [{"Type": "Info Item"}, {"Category": "Tutorial"}, {"Max. Held": "1"}, {"Item Effect": "Information about Great Runes"}]}}}, {"About Guard Counters": {"\u8aac\u660e\u300c\u30ac\u30fc\u30c9\u30ab\u30a6\u30f3\u30bf\u30fc\u300d": {"Basic Information": [{"Type": "Info Item"}, {"Category": "Tutorial"}, {"Max. Held": "1"}, {"Item Effect": "Information about guard counters"}]}}}, {"About Guarding": {"\u8aac\u660e\u300c\u30ac\u30fc\u30c9\u300d": {"Basic Information": [{"Type": "Info Item"}, {"Category": "Tutorial"}, {"Max. Held": "1"}, {"Item Effect": "Information about guarding"}]}}}, {"About Guidance of Grace": {"\u8aac\u660e\u300c\u795d\u798f\u306e\u5c0e\u304d\u300d": {"Basic Information": [{"Type": "Info Item"}, {"Category": "Tutorial"}, {"Max. Held": "1"}, {"Item Effect": "Information about Guidance of Grace"}]}}}, {"About Horseback Riding": {"\u8aac\u660e\u300c\u9a0e\u4e57\u300d": {"Basic Information": [{"Type": "Info Item"}, {"Category": "Tutorial"}, {"Max. Held": "1"}, {"Item Effect": "Information about horseback riding"}]}}}, {"About Hunter Multiplayer": {"\u8aac\u660e\u300c\u72e9\u4eba\u30de\u30eb\u30c1\u30d7\u30ec\u30a4\u300d": {"Basic Information": [{"Type": "Info Item"}, {"Category": "Tutorial"}, {"Max. Held": "1"}, {"Item Effect": "Information about hunter multiplayer"}]}}}, {"About Invasion Multiplayer": {"\u8aac\u660e\u300c\u4fb5\u5165\u30de\u30eb\u30c1\u30d7\u30ec\u30a4\u300d": {"Basic Information": [{"Type": "Info Item"}, {"Category": "Tutorial"}, {"Max. Held": "1"}, {"Item Effect": "Information about invasion multiplayer"}]}}}, {"About Item Crafting": {"\u8aac\u660e\u300c\u30a2\u30a4\u30c6\u30e0\u88fd\u4f5c\u300d": {"Basic Information": [{"Type": "Info Item"}, {"Category": "Tutorial"}, {"Max. Held": "1"}, {"Item Effect": "Information about item crafting"}]}}}, {"About Marika's Effigy at the Roundtable": {"Basic Information": [{"Type": "Info Item"}, {"Category": "Tutorial"}, {"Max. Held": "1"}, {"Item Effect": "About the effigy of Marika at the Roundtable Hold."}]}}, {"About Materials": {"\u8aac\u660e\u300c\u7d20\u6750\u30a2\u30a4\u30c6\u30e0\u300d": {"Basic Information": [{"Type": "Info Item"}, {"Category": "Tutorial"}, {"Max. Held": "1"}, {"Item Effect": "Information about materials"}]}}}, {"About Monument Icon": {"\u8aac\u660e\u300c\u7891\u6587\u30a2\u30a4\u30b3\u30f3\u300d": {"Basic Information": [{"Type": "Info Item"}, {"Category": "Tutorial"}, {"Max. Held": "1"}, {"Item Effect": "Information about Monument Icon"}]}}}, {"About Multiplayer": {"\u8aac\u660e\u300c\u30de\u30eb\u30c1\u30d7\u30ec\u30a4\u300d": {"Basic Information": [{"Type": "Info Item"}, {"Category": "Tutorial"}, {"Max. Held": "1"}, {"Item Effect": "Information about multiplayer"}]}}}, {"About Pouches": {"\u8aac\u660e\u300c\u30dd\u30fc\u30c1\u300d": {"Basic Information": [{"Type": "Info Item"}, {"Category": "Tutorial"}, {"Max. Held": "1"}, {"Item Effect": "Information about puches"}]}}}, {"About Requesting Help from Hunters": {"\u8aac\u660e\u300c\u72e9\u4eba\u306e\u53ec\u559a\u8981\u8acb\u300d": {"Basic Information": [{"Type": "Info Item"}, {"Category": "Tutorial"}, {"Max. Held": "1"}, {"Item Effect": "Information about requesting help from hunters"}]}}}, {"About Roundtable Hold": {"\u8aac\u660e\u300c\u5186\u5353\u300d": {"Basic Information": [{"Type": "Info Item"}, {"Category": "Tutorial"}, {"Max. Held": "1"}, {"Item Effect": "Information about the Roundtable Hold"}]}}}, {"About Sites of Grace": {"\u8aac\u660e\u300c\u795d\u798f\u300d": {"Basic Information": [{"Type": "Info Item"}, {"Category": "Tutorial"}, {"Max. Held": "1"}, {"Item Effect": "Information about sites of grace"}]}}}, {"About Skills": {"\u8aac\u660e\u300c\u6226\u6280\u300d": {"Basic Information": [{"Type": "Info Item"}, {"Category": "Tutorial"}, {"Max. Held": "1"}, {"Item Effect": "Information about skills"}]}}}, {"About Sorceries and Incantations": {"\u8aac\u660e\u300c\u9b54\u8853\u3068\u7948\u7977\u300d": {"Basic Information": [{"Type": "Info Item"}, {"Category": "Tutorial"}, {"Max. Held": "1"}, {"Item Effect": "Information about sorceries and incantations"}]}}}, {"About Spiritspring Jumping": {"\u8aac\u660e\u300c\u970a\u6c17\u6d41\u30b8\u30e3\u30f3\u30d7\u300d": {"Basic Information": [{"Type": "Info Item"}, {"Category": "Tutorial"}, {"Max. Held": "1"}, {"Item Effect": "Information about spiritspring jumping"}]}}}, {"About Stakes of Marika": {"\u8aac\u660e\u300c\u30de\u30ea\u30ab\u306e\u6954\u300d": {"Basic Information": [{"Type": "Info Item"}, {"Category": "Tutorial"}, {"Max. Held": "1"}, {"Item Effect": "Information about Stakes of Marika"}]}}}, {"About Stance-Breaking": {"\u8aac\u660e\u300c\u4f53\u52e2\u3092\u5d29\u3059\u300d": {"Basic Information": [{"Type": "Info Item"}, {"Category": "Tutorial"}, {"Max. Held": "1"}, {"Item Effect": "Information about stance-breaking"}]}}}, {"About Strengthening Armaments": {"\u8aac\u660e\u300c\u6b66\u5668\u306e\u5f37\u5316\u300d": {"Basic Information": [{"Type": "Info Item"}, {"Category": "Tutorial"}, {"Max. Held": "1"}, {"Item Effect": "Information about strengthening armaments"}]}}}, {"About Strengthening Armaments": {"\u8aac\u660e\u300c\u6b66\u5668\u306e\u5f37\u5316\u300d": {"Basic Information": [{"Type": "Info Item"}, {"Category": "Tutorial"}, {"Max. Held": "1"}, {"Item Effect": "Information about strengthening armaments"}]}}}, {"About Summoning Other Players": {"\u8aac\u660e\u300c\u4ed6\u30d7\u30ec\u30a4\u30e4\u30fc\u306e\u53ec\u559a\u300d": {"Basic Information": [{"Type": "Info Item"}, {"Category": "Tutorial"}, {"Max. Held": "1"}, {"Item Effect": "Information about summoning other players"}]}}}, {"About Summoning Pools": {"\u8aac\u660e\u300c\u30b5\u30a4\u30f3\u6e9c\u307e\u308a\u300d": {"Basic Information": [{"Type": "Info Item"}, {"Category": "Tutorial"}, {"Max. Held": "1"}, {"Item Effect": "Information about the summoning pools"}]}}}, {"About Summoning Spirits": {"\u8aac\u660e\u300c\u970a\u4f53\u306e\u53ec\u559a\u300d": {"Basic Information": [{"Type": "Info Item"}, {"Category": "Tutorial"}, {"Max. Held": "1"}, {"Item Effect": "Information about summoning spirits"}]}}}, {"About Teardrop Scarabs": {"\u8aac\u660e\u300c\u96eb\u30b9\u30ab\u30e9\u30d9\u300d": {"Basic Information": [{"Type": "Info Item"}, {"Category": "Tutorial"}, {"Max. Held": "1"}, {"Item Effect": "Information about Teardrop Scarabs"}]}}}, {"About United Combat and Combat Ordeals": {"Basic Information": [{"Type": "Info Item"}, {"Category": "Tutorial"}, {"Max. Held": "1"}, {"Item Effect": "Information about group combat."}]}}, {"About Vanquishing Enemy Groups": {"\u8aac\u660e\u300c\u6575\u96c6\u56e3\u306e\u6483\u7834\u300d": {"Basic Information": [{"Type": "Info Item"}, {"Category": "Tutorial"}, {"Max. Held": "1"}, {"Item Effect": "Information about vanquishing enemy groups"}]}}}, {"About Wielding Armaments": {"\u8aac\u660e\u300c\u6b66\u5668\u306e\u6301\u3061\u66ff\u3048\u300d": {"Basic Information": [{"Type": "Info Item"}, {"Category": "Tutorial"}, {"Max. Held": "1"}, {"Item Effect": "Information about wielding armaments"}]}}}, {"About the Cave of Knowledge": {"\u8aac\u660e\u300c\u5b66\u3073\u306e\u6d1e\u7a9f\u300d": {"Basic Information": [{"Type": "Info Item"}, {"Category": "Tutorial"}, {"Max. Held": "1"}, {"Item Effect": "Information about the Cave of Knowledge"}]}}}, {"About the Map": {"\u8aac\u660e\u300c\u5730\u56f3\u300d": {"Basic Information": [{"Type": "Info Item"}, {"Category": "Tutorial"}, {"Max. Held": "1"}, {"Item Effect": "Information about the map"}]}}}, {"Base Serpent": [{"\u6df1\u6df5\u306e\u86c7": "(Shin'en no Hebi)"}, {"Overview": {"Alias": {"Location": "Behind Messmer's right eye"}}}]}, {"Abyssal Woods": [{"Type": "Region"}, {"Legacy Dungeon": "Midra's Manse"}]}, {"Academy Crystal Cave": [{"Region": "Liurnia of the Lakes"}, {"Type": "Cave"}, {"Boss": "Crystalian (Spear) & Crystalian (Staff)"}]}, {"Academy Crystal Cave": [{"Region": "Liurnia of the Lakes"}, {"Type": "Cave"}, {"Boss": "Crystalian (Spear) & Crystalian (Staff)"}]}, {"Academy Gate Town": {"Information": {"Region": "Liurnia of the Lakes"}}}, {"Academy Glintstone Key": {"\u5b66\u9662\u306e\u8f1d\u77f3\u9375 (Gakuin no Kiseki Kagi)": {"Basic Information": [{"Type": "Key Item"}, {"Item Effect": "Grants access to Raya Lucaria"}, {"Obtained": {"Map Loot; Guarded by": {"Glintstone Dragon Smarag": {"north of": {"Temple Quarter": {". On the rafters above the": {"Church of the Cuckoo": "."}}}}}}}]}}}, {"Academy Glintstone Staff": [{"Basic Information": [{"Type": "Glintstone Staff"}, {"Attack type": "Strike"}, {"Skill": "No Skill"}, {"Weight": "3"}, {"Sell Price": "100"}, {"Online Trade": "Yes"}]}, {"Stats": [{"Stats": [{"Attack Power": "Guarded Damage Negation"}, {"Physical:": {"25": {"Physical:": "25"}}}, {"Magic:": {"0": {"Magic:": "15"}}}, {"Fire:": {"0": {"Fire:": "15"}}}, {"Lightning:": {"0": {"Lightning:": "15"}}}, {"Holy:": {"0": {"Holy:": "15"}}}, {"Critical:": {"100": {"Guard Boost:": "15"}}}, {"Sorcery Scaling:": "130"}]}, {"Attributes": [{"Attribute": {"Required": "Scaling"}}, {"Strength:": {"6": "E"}}, {"D": {"e": {"x": {"t": {"e": {"r": {"i": {"t": {"y": ":"}}}}}}}}}, {"Intelligence:": {"28": "B"}}, {"F": {"a": {"i": {"t": {"h": ":"}}}}}, {"A": {"r": {"c": {"a": {"n": {"e": ":"}}}}}}]}]}]}, {"Academy Magic Pot": {"\u5b66\u9662\u306e\u9b54\u529b\u58fa (Gakuin no Maryoku Tsubo)": [{"Basic Information": [{"Type": "Tool"}, {"Max. Held": "10"}, {"Max. Stored": "600"}, {"FP Cost": "6"}, {"Item Effect": "Inflicts heavy magic damage."}, {"Obtained": "Craftable"}]}, {"Crafting": {"Required items": {"Glintstone Firefly": [{"Old Fang": "x1"}, {"Ritual Pot": "x1"}]}}}, {"Attribute Scaling": {"Str": {"-": {"-": {"B": {"-": "-"}}}}}}]}}, {"Academy Scroll": [{"Basic Information": [{"Type": "Key Item"}, {"Max. Held": "1"}, {"Item Effect": "Give to a learned sorcerer to acquire new sorceries"}, {"Obtained": "Loot"}]}, {"Crafting": {"Required for": {"Great Glintstone Shard": "Swift Glintstone Shard"}}}]}, {"Academy of Raya Lucaria": [{"Region": "Liurnia of the Lakes"}, {"Bosses": {"Red Wolf of Radagon": "Rennala, Queen of the Full Moon"}}, {"Optional?": "Yes"}]}, {"Portraits resembling the Glintstone Crowns of each Conspectus.": "Top: Twinsage Conspectus Bottom, left to right: Karolos Conspectus, Lazuli Conspectus, Olivinus Conspectus"}, {"Acid Spraymist": {"\u9178\u306e\u5674\u9727 (San no Funmu)": {"Basic Information": [{"Type": "Tool"}, {"Max. Held": "10"}, {"Max. Stored": "600"}, {"FP Cost": "13"}, {"Item Effect": "Uses FP to release acid mist from the mouth"}]}}}, {"Adan, Thief of Fire": {"Overview": {"Location": [{"HP": "1,717"}, {"Runes": "3,800"}, {"Drops": "Flame of the Fell God"}]}}}, {"Adan, Thief of Fire": {"Overview": {"Location": [{"HP": "1,717"}, {"Runes": "3,800"}, {"Drops": "Flame of the Fell God"}]}}}, {"Adula's Moonblade": {"\u30a2\u30c7\u30e5\u30fc\u30e9\u306e\u6708\u306e\u5263 (Ady\u016bra no Tsuki no Ken)": [{"Basic Information": [{"Type": "Sorcery"}, {"Category": "Cold Sorcery"}, {"FP Cost": "22"}, {"Slots Used": "1"}, {"Item Effect": "Sweeping slash followed by cold blade projectile"}, {"Obtained": {"Dropped by": "Glintstone Dragon Adula"}}]}, {"Attributes Required": {"Int": {"32": {"0": "0"}}}}]}}, {"Aeonian Butterfly": {"\u30a8\u30aa\u30cb\u30a2\u306e\u8776 (Eonia no Ch\u014d)": {"Basic Information": [{"Type": "Crafting Material"}, {"Max. Held": "999"}, {"Max. Stored": "999"}, {"Item Effect": "Material used for crafting items"}, {"Obtained": {"Found in the": {"Swamp of Aeonia": "."}}}, {"Sell Price": "100"}]}}}, {"The Throne at the foot of the": {"Erdtree": "awaits a new Elden Lord."}}, {"The Throne at the foot of the": {"Erdtree": "awaits a new Elden Lord."}}, {"The Throne at the foot of the": {"Erdtree": "awaits a new Elden Lord."}}, {"The Throne at the foot of the": {"Erdtree": "awaits a new Elden Lord."}}, {"The Throne at the foot of the": {"Erdtree": "awaits a new Elden Lord."}}, {"The Throne at the foot of the": {"Erdtree": "awaits a new Elden Lord."}}, {"The Throne at the foot of the": {"Erdtree": "awaits a new Elden Lord."}}, {"The Erdtree": [{"\u9ec4\u91d1\u6a39,": "\u014cgonju"}, {"Overview": {"Status": {"Location": "Leyndell, Royal Capital"}}}]}, {"Age of the Stars": {"\u661f\u306e\u4e16\u7d00": {"Information": [{"Description": "Achieved the \"Age of the Stars\" ending"}, {"Visibility": "Hidden"}, {"Trophy Value": "Gold"}, {"Gamerscore": "50"}]}}}, {"The Throne at the foot of the": {"Erdtree": "awaits a new Elden Lord."}}, {"Aged One's Exultation": {"Basic Information": [{"Type": "Talisman"}, {"Weight": "0.9"}, {"Item Effect": "Raises attack power when madness is triggered in the vicinity"}, {"Sell Price": "500"}]}}, {"Agheel's Flame": {"\u30a2\u30ae\u30fc\u30eb\u306e\u708e (Ag\u012bru no Hon\u014d)": [{"Basic Information": [{"Type": "Incantation"}, {"Category": "Dragon Communion Incantation"}, {"Max. Held": "99"}, {"Max. Stored": "600"}, {"FP Cost": "36 (6)"}, {"Stamina Cost": "60"}, {"Slots Used": "1"}, {"Item Effect": {"Spews": {"flame": {"breath of": {"Agheel": "from above"}}}}}, {"Obtained": "Dragon Communion Altar"}, {"Buy Price": {"2": "Dragon Hearts"}}]}, {"Attributes Required": {"Int": {"0": {"23": "15"}}}}]}}, {"Ailing Village": {"Information": [{"Region": "Weeping Peninsula"}, {"Type": "Village"}]}}, {"Ailment Talisman": {"Basic Information": [{"Type": "Talisman"}, {"Weight": "0.6"}, {"Item Effect": {"Grants resistance to triggered": "ailments"}}, {"Sell Price": "500"}]}}, {"Ainsel River": [{"Type": "Region"}, {"Sub-regions": {"Ainsel River Main": "Lake of Rot"}}]}, {"Ainsel River Main": [{"Region": "Ainsel River"}, {"Type": "Sub-region"}]}, {"Ainsel River Well": {"Information": {"Region": "Liurnia of the Lakes"}}}, {"Alabaster Lord": {"\u77f3\u808c\u306e\u767d\u738b (Ishihada no Haku\u014d)": {"Overview": {"Location": [{"HP": "861 (Limgrave) 967 (Weeping Peninsula) 1,710 (Academy of Raya Lucaria) 3,114 (Lake of Rot) 5,190 (Yelough Anix Tunnel)"}, {"Runes": "861 (Limgrave) 311 (Weeping Peninsula) 647 (Academy of Raya Lucaria) 1,785 (Lake of Rot) 4,852 (Yelough Anix Tunnel)"}, {"Drops": {"Ash of War: Gravitas": {"(Limgrave)": {"Gravity Well": {"(Academy of Raya Lucaria)": {"Alabaster Lord's Sword": "(Lake of Rot or Yelough Anix Tunnel)"}}}}}}]}}}}, {"Unique Skill: Alabaster Lords' Pull": {"Basic Information": [{"Type": "Unique Skill"}, {"FP Cost": "15 (- -)"}, {"Weapon": "Alabaster Lord's Sword"}]}}, {"Alabaster Lord's Sword": [{"Basic Information": [{"Type": "Greatsword"}, {"Attack type": "Standard/Pierce"}, {"Skill": "Alabaster Lords' Pull"}, {"FP Cost": "15"}, {"Weight": "8.0"}, {"Sell Price": "500"}, {"Online Trade": "Yes"}]}, {"Stats": [{"Stats": [{"Attack Power": "Guarded Damage Negation"}, {"Physical:": {"128": {"Physical:": "56"}}}, {"Magic:": {"38": {"Magic:": "33"}}}, {"Fire:": {"0": {"Fire:": "27"}}}, {"Lightning:": {"0": {"Lightning:": "27"}}}, {"Holy:": {"0": {"Holy:": "27"}}}, {"Critical:": {"100": {"Guard Boost:": "39"}}}]}, {"Attributes": [{"Attribute": {"Required": "Scaling"}}, {"Strength:": [{"16": {"\\1h": {"11": "\\2h"}}}, {"D": []}]}, {"Dexterity:": {"12": "E"}}, {"Intelligence:": {"18": "D"}}, {"Faith:": "0"}, {"Arcane:": "0"}]}]}]}, {"Mad Tongue Alberich": [{"Invader": "No Aura"}, {"Overview": {"Location": [{"HP": "2387"}, {"Runes": "1562"}, {"Drops": {"Furlcalling Finger Remedy": {"x1": "Taunter's Tongue"}}}]}}]}, {"Alberich's Bracers": [{"Basic Information": [{"Type": "Arms"}, {"Weight": "1.4"}, {"Sell Price": "200"}, {"Online Trade": "Yes"}]}, {"Stats": {"Damage Negation": [{"Standard:": {"1.3": {"Immunity:": "13"}}}, {"Vs Strike:": {"1.0": {"Robustness:": "8"}}}, {"Vs Slash:": {"1.3": {"Focus:": "22"}}}, {"Vs Pierce:": {"1.3": {"Vitality:": "24"}}}, {"Magic:": {"3.2": {"Poise:": "0"}}}, {"Fire:": "2.9"}, {"Lightning:": "3.1"}, {"Holy:": "3.2"}]}}]}, {"Alberich's Pointed Hat": [{"Basic Information": [{"Type": "Head"}, {"Altered": "Alberich's Pointed Hat (Altered)"}, {"Weight": "1.7"}, {"Sell Price": "200"}, {"Online Trade": "Yes"}]}, {"Stats": {"Damage Negation": [{"Standard:": {"1.8": {"Immunity:": "16"}}}, {"Vs Strike:": {"1.4": {"Robustness:": "10"}}}, {"Vs Slash:": {"1.8": {"Focus:": "29"}}}, {"Vs Pierce:": {"1.8": {"Vitality:": "31"}}}, {"Magic:": {"4.6": {"Poise:": "0"}}}, {"Fire:": "4.2"}, {"Lightning:": "4.4"}, {"Holy:": "4.6"}]}}]}, {"Alberich's Pointed Hat (Altered)": [{"Basic Information": [{"Type": "Head"}, {"Weight": "1.0"}, {"Sell Price": "200"}, {"Online Trade": "Yes"}]}, {"Stats": {"Damage Negation": [{"Standard:": {"0.9": {"Immunity:": "12"}}}, {"Vs Strike:": {"0.2": {"Robustness:": "7"}}}, {"Vs Slash:": {"0.9": {"Focus:": "23"}}}, {"Vs Pierce:": {"0.9": {"Vitality:": "24"}}}, {"Magic:": {"4.4": {"Poise:": "0"}}}, {"Fire:": "3.8"}, {"Lightning:": "4.0"}, {"Holy:": "4.4"}]}}]}, {"Alberich's Robe": [{"Basic Information": [{"Type": "Chest"}, {"Altered": "Alberich's Robe (Altered)"}, {"Weight": "4.1"}, {"Sell Price": "200"}, {"Online Trade": "Yes"}]}, {"Stats": {"Damage Negation": [{"Standard:": {"5.3": {"Immunity:": "38"}}}, {"Vs Strike:": {"4.2": {"Robustness:": "23"}}}, {"Vs Slash:": {"5.3": {"Focus:": "67"}}}, {"Vs Pierce:": {"5.3": {"Vitality:": "71"}}}, {"Magic:": {"12.8": {"Poise:": "1"}}}, {"Fire:": "11.9"}, {"Lightning:": "12.4"}, {"Holy:": "12.8"}]}}]}, {"Alberich's Robe (Altered)": [{"Basic Information": [{"Type": "Chest"}, {"Weight": "3.2"}, {"Sell Price": "200"}, {"Online Trade": "Yes"}]}, {"Stats": {"Damage Negation": [{"Standard:": {"4.2": {"Immunity:": "32"}}}, {"Vs Strike:": {"2.7": {"Robustness:": "19"}}}, {"Vs Slash:": {"4.2": {"Focus:": "57"}}}, {"Vs Pierce:": {"4.2": {"Vitality:": "61"}}}, {"Magic:": {"12.6": {"Poise:": "0"}}}, {"Fire:": "11.4"}, {"Lightning:": "11.9"}, {"Holy:": "12.6"}]}}]}, {"Alberich's Trousers": [{"Basic Information": [{"Type": "Legs"}, {"Weight": "2.5"}, {"Sell Price": "200"}, {"Online Trade": "Yes"}]}, {"Stats": {"Damage Negation": [{"Standard:": {"3.0": {"Immunity:": "26"}}}, {"Vs Strike:": {"2.3": {"Robustness:": "14"}}}, {"Vs Slash:": {"3.0": {"Focus:": "41"}}}, {"Vs Pierce:": {"3.0": {"Vitality:": "44"}}}, {"Magic:": {"7.3": {"Poise:": "1"}}}, {"Fire:": "6.8"}, {"Lightning:": "7.2"}, {"Holy:": "7.3"}]}}]}, {"Albinaurics": [{"Faction type": {"Race": "Albinauric"}}, {"Founder": [{"Members": {"Latenna the Albinauric": {"Old Albus": "Phillia, Towering Little Sister"}}}, {"Divisions": {"Albinauric Archers": {"First-Generation Albinaurics": "Second-Generation Albinaurics"}}}, {"Allegiances": {"Miquella of the Haligtree": "Mohg, Lord of Blood"}}, {"Affiliation": "Wolves"}]}, {"Locations": {"Village of the Albinaurics": {"Liurnia of the Lakes": {"Consecrated Snowfield": {"Miquella's Haligtree": {"Mohgwyn Palace": {"Ordina, Liturgical Town": "Apostate Derelict"}}}}}}}]}, {"Albinauric Archer": {"Overview": {"Location": {"Consecrated Snowfield": "Ordina, Liturgical Town"}}}}, {"Albinauric Ashes": {"\u3057\u308d\u304c\u306d\u4eba\u306e\u907a\u7070 (Shiroganebito no Ihai)": {"Basic Information": [{"Type": "Ashes"}, {"Max. Held": "1"}, {"Max. Stored": "600"}, {"FP Cost": "53"}, {"Item Effect": "Summons two Albinauric spirits"}, {"Obtained": {"Cemetery in": "Liurnia of the Lakes"}}]}}}, {"Albinauric Bloodclot": {"\u3057\u308d\u304c\u306d\u306e\u51dd\u8840 (Shirogane no Gy\u014dketsu)": {"Basic Information": [{"Type": "Crafting Material"}, {"Max. Held": "999"}, {"Max. Stored": "999"}, {"Item Effect": "Material used for crafting items"}, {"Obtained": {"Found by killing": {"Albinaurics": "."}}}, {"Sell Price": "100"}]}}}, {"Albinauric Bow": [{"Basic Information": [{"Type": "Bow"}, {"Attack type": "None"}, {"Skill": "Mighty Shot"}, {"FP Cost": "- ( 6 6)"}, {"Weight": "4.5"}, {"Sell Price": "100"}, {"Online Trade": "Yes"}]}, {"Stats": [{"Stats": [{"Attack Power": "Guarded Damage Negation"}, {"Physical:": {"82": {"Physical:": "-"}}}, {"Magic:": {"0": {"Magic:": "-"}}}, {"Fire:": {"0": {"Fire:": "-"}}}, {"Lightning:": {"0": {"Lightning:": "-"}}}, {"Holy:": {"0": {"Holy:": "-"}}}, {"Critical:": {"100": {"Guard Boost:": "-"}}}, {"S": {"o": {"r": {"c": {"e": {"r": {"y": {" ": {"S": {"c": {"a": {"l": {"i": {"n": {"g": ":"}}}}}}}}}}}}}}}, {"I": {"n": {"c": {"a": {"n": {"t": {"a": {"t": {"i": {"o": {"n": {" ": {"S": {"c": {"a": {"l": {"i": {"n": {"g": ":"}}}}}}}}}}}}}}}}}}}]}, {"Attributes": [{"Attribute": {"Required": "Scaling"}}, {"Strength:": {"7": "E"}}, {"Dexterity:": {"18": "D"}}, {"I": {"n": {"t": {"e": {"l": {"l": {"i": {"g": {"e": {"n": {"c": {"e": ":"}}}}}}}}}}}}, {"F": {"a": {"i": {"t": {"h": ":"}}}}}, {"A": {"r": {"c": {"a": {"n": {"e": ":"}}}}}}]}]}]}, {"Albinauric Mask": [{"Basic Information": [{"Type": "Head"}, {"Weight": "3.8"}, {"Sell Price": "100"}, {"Online Trade": "Yes"}]}, {"Stats": {"Damage Negation": [{"Standard:": {"4.0": {"Immunity:": "12"}}}, {"Vs Strike:": {"3.1": {"Robustness:": "23"}}}, {"Vs Slash:": {"4.0": {"Focus:": "10"}}}, {"Vs Pierce:": {"3.8": {"Vitality:": "10"}}}, {"Magic:": {"2.5": {"Poise:": "3"}}}, {"Fire:": "3.1"}, {"Lightning:": "2.1"}, {"Holy:": "2.5"}]}}]}, {"Albinauric Pot": {"\u3057\u308d\u304c\u306d\u58fa (Shirogane Tsubo)": [{"Basic Information": [{"Type": "Tool"}, {"Max. Held": "10"}, {"Max. Stored": "600"}, {"FP Cost": "8"}, {"Item Effect": "Impede recovery actions using a flask of tears."}, {"Obtained": "Craftable"}]}, {"Crafting": [{"Cookbook": "Glinstone Craftsman's Cookbook [3]"}, {"Required items": {"Mushroom": [{"Albinauric Bloodclot": "x1"}, {"Ritual Pot": "x1"}]}}]}, {"Attribute Scaling": {"Str": {"-": {"-": {"-": {"-": "-"}}}}}}]}}, {"Albinauric Rise": {"Information": [{"Region": "Consecrated Snowfield"}, {"Type": "Rise"}]}}, {"Albinauric Shield": [{"Basic Information": [{"Type": "Medium Shield"}, {"Attack type": "Strike"}, {"Skill": "Parry"}, {"Weight": "4.5"}, {"Sell Price": "100"}, {"Online Trade": "Yes"}]}, {"Stats": [{"Stats": [{"Attack Power": "Guarded Damage Negation"}, {"Physical:": {"78": {"Physical:": "100"}}}, {"Magic:": {"0": {"Magic:": "61"}}}, {"Fire:": {"0": {"Fire:": "42"}}}, {"Lightning:": {"0": {"Lightning:": "23"}}}, {"Holy:": {"0": {"Holy:": "47"}}}, {"Critical:": {"100": {"Guard Boost:": "42"}}}]}, {"Attributes": [{"Attribute": {"Required": "Scaling"}}, {"Strength:": [{"11": {"\\1h": {"8": "\\2h"}}}, {"D": []}]}, {"D": {"e": {"x": {"t": {"e": {"r": {"i": {"t": {"y": ":"}}}}}}}}}, {"I": {"n": {"t": {"e": {"l": {"l": {"i": {"g": {"e": {"n": {"c": {"e": ":"}}}}}}}}}}}}, {"F": {"a": {"i": {"t": {"h": ":"}}}}}, {"A": {"r": {"c": {"a": {"n": {"e": ":"}}}}}}]}]}]}, {"Albinauric Staff": [{"Basic Information": [{"Type": "Glintstone Staff"}, {"Attack type": "Strike"}, {"Skill": "No Skill"}, {"Weight": "2.5"}, {"Sell Price": "100"}, {"Online Trade": "Yes"}]}, {"Stats": [{"Stats": [{"Attack Power": "Guarded Damage Negation"}, {"Physical:": {"17": {"Physical:": "23"}}}, {"Magic:": {"0": {"Magic:": "14"}}}, {"Fire:": {"0": {"Fire:": "14"}}}, {"Lightning:": {"0": {"Lightning:": "14"}}}, {"Holy:": {"0": {"Holy:": "14"}}}, {"Critical:": {"100": {"Guard Boost:": "14"}}}, {"S": {"o": {"r": {"c": {"e": {"r": {"y": {" ": {"S": {"c": {"a": {"l": {"i": {"n": {"g": ":"}}}}}}}}}}}}}}}, {"I": {"n": {"c": {"a": {"n": {"t": {"a": {"t": {"i": {"o": {"n": {" ": {"S": {"c": {"a": {"l": {"i": {"n": {"g": ":"}}}}}}}}}}}}}}}}}}}]}, {"Attributes": [{"Attribute": {"Required": "Scaling"}}, {"Strength:": {"6": "E"}}, {"Dexterity:": "0"}, {"Intelligence:": {"10": "D"}}, {"Faith:": "0"}, {"Arcane:": {"12": "C"}}]}]}]}, {"Albinaurics": [{"Faction type": {"Race": "Albinauric"}}, {"Founder": [{"Members": {"Latenna the Albinauric": {"Old Albus": "Phillia, Towering Little Sister"}}}, {"Divisions": {"Albinauric Archers": {"First-Generation Albinaurics": "Second-Generation Albinaurics"}}}, {"Allegiances": {"Miquella of the Haligtree": "Mohg, Lord of Blood"}}, {"Affiliation": "Wolves"}]}, {"Locations": {"Village of the Albinaurics": {"Liurnia of the Lakes": {"Consecrated Snowfield": {"Miquella's Haligtree": {"Mohgwyn Palace": {"Ordina, Liturgical Town": "Apostate Derelict"}}}}}}}]}, {"Albus the Albinauric": {"Overview": [{"Alias": {"Type": {"Location": {"Village of the Albinaurics": {",": "Liurnia of the Lakes"}}}}}, {"Race": "Albinauric"}]}}, {"Albus the Albinauric": {"Overview": [{"Alias": {"Type": {"Location": {"Village of the Albinaurics": {",": "Liurnia of the Lakes"}}}}}, {"Race": "Albinauric"}]}}, {"Alecto, Black Knife Ringleader": {"\u9ed2\u304d\u5203\u306e\u9577\u3001\u30a2\u30ec\u30af\u30c8\u30fc (Kuroki Yaiba no Ch\u014d, Arekut\u014d)": {"Overview": [{"Boss type": [{"Location": "Ringleader's Evergaol"}, {"HP": "17,482"}, {"Runes": "80,000"}, {"Drops": "Black Knife Tiche"}]}, {"Race": {"Family": {"Children": "Tiche"}}}]}}}, {"Alecto, Black Knife Ringleader": {"\u9ed2\u304d\u5203\u306e\u9577\u3001\u30a2\u30ec\u30af\u30c8\u30fc (Kuroki Yaiba no Ch\u014d, Arekut\u014d)": {"Overview": [{"Boss type": [{"Location": "Ringleader's Evergaol"}, {"HP": "17,482"}, {"Runes": "80,000"}, {"Drops": "Black Knife Tiche"}]}, {"Race": {"Family": {"Children": "Tiche"}}}]}}}, {"Alexander, Warrior Jar": {"\u6226\u58eb\u306e\u58fa\u3001\u30a2\u30ec\u30ad\u30b5\u30f3\u30c0\u30fc (Senshi no Tsubo, Arekisand\u0101)": {"Overview": [{"Alias": [{"Location": {"Stormhill": {"Gael Tunnel": {"Redmane Castle": {"Wailing Dunes": {"Liurnia of the Lakes": {"Mt. Gelmir": "Crumbling Farum Azula"}}}}}}}, {"Voice actor": "Kevin Howarth"}]}, {"Race": {"Role": {"NPC": "Co-operator"}}}]}}}, {"Alexander's Innards": {"\u30a2\u30ec\u30ad\u30b5\u30f3\u30c0\u30fc\u306e\u4e2d\u8eab (Arekisand\u0101 no Nakami)": {"Basic Information": [{"Type": "Key Item"}, {"Item Effect": {"Given to": {"Jar-Bairn": {"to receive the": {"Companion Jar": "Talisman"}}}}}, {"Obtained": {"Drop:": "Alexander, Warrior Jar"}}]}}}, {"Alexander, Warrior Jar": {"\u6226\u58eb\u306e\u58fa\u3001\u30a2\u30ec\u30ad\u30b5\u30f3\u30c0\u30fc (Senshi no Tsubo, Arekisand\u0101)": {"Overview": [{"Alias": [{"Location": {"Stormhill": {"Gael Tunnel": {"Redmane Castle": {"Wailing Dunes": {"Liurnia of the Lakes": {"Mt. Gelmir": "Crumbling Farum Azula"}}}}}}}, {"Voice actor": "Kevin Howarth"}]}, {"Race": {"Role": {"NPC": "Co-operator"}}}]}}}, {"Sentry Stone": {"\u898b\u5f35\u308a\u77f3 Mihari Ishi": {"Overview": {"Location": [{"Runes": "23 - 499"}, {"Drops": "Ruin Fragment"}]}}}}, {"All-Knowing Armor": [{"Basic Information": [{"Type": "Chest"}, {"Altered": "All-Knowing Armor (Altered)"}, {"Weight": "10.6"}, {"Sell Price": "100"}, {"Online Trade": "Yes"}]}, {"Stats": {"Damage Negation": [{"Standard:": {"12.9": {"Immunity:": "28"}}}, {"Vs Strike:": {"11.9": {"Robustness:": "46"}}}, {"Vs Slash:": {"13.5": {"Focus:": "21"}}}, {"Vs Pierce:": {"11.9": {"Vitality:": "21"}}}, {"Magic:": {"12.4": {"Poise:": "16"}}}, {"Fire:": "9.5"}, {"Lightning:": "10.2"}, {"Holy:": "8.8"}]}}]}, {"All-Knowing Armor": [{"Basic Information": [{"Type": "Chest"}, {"Unaltered": "All-Knowing Armor"}, {"Weight": "??"}, {"Sell Price": "100"}, {"Online Trade": "Yes"}]}, {"Stats": {"Damage Negation": [{"Standard:": {"??": {"Immunity:": "28"}}}, {"Vs Strike:": {"11.9": {"Robustness:": "46"}}}, {"Vs Slash:": {"13.5": {"Focus:": "21"}}}, {"Vs Pierce:": {"11.9": {"Vitality:": "21"}}}, {"Magic:": {"12.4": {"Poise:": "16"}}}, {"Fire:": "9.5"}, {"Lightning:": "10.2"}, {"Holy:": "8.8"}]}}]}, {"All-Knowing Gauntlets": [{"Basic Information": [{"Type": "Arms"}, {"Weight": "3.5"}, {"Sell Price": "1000"}, {"Online Trade": "Yes"}]}, {"Stats": {"Damage Negation": [{"Standard:": {"3.2": {"Immunity:": "9"}}}, {"Vs Strike:": {"2.9": {"Robustness:": "15"}}}, {"Vs Slash:": {"3.3": {"Focus:": "7"}}}, {"Vs Pierce:": {"2.9": {"Vitality:": "7"}}}, {"Magic:": {"3.1": {"Poise:": "5"}}}, {"Fire:": "2.3"}, {"Lightning:": "2.5"}, {"Holy:": "2.1"}]}}]}, {"All-Knowing Greaves": [{"Basic Information": [{"Type": "Legs"}, {"Weight": "6.6"}, {"Sell Price": "100"}, {"Online Trade": "Yes"}]}, {"Stats": {"Damage Negation": [{"Standard:": {"7.4": {"Immunity:": "17"}}}, {"Vs Strike:": {"6.8": {"Robustness:": "29"}}}, {"Vs Slash:": {"7.7": {"Focus:": "13"}}}, {"Vs Pierce:": {"6.8": {"Vitality:": "13"}}}, {"Magic:": {"7.1": {"Poise:": "10"}}}, {"Fire:": "5.4"}, {"Lightning:": "5.8"}, {"Holy:": "5.4"}]}}]}, {"All-Knowing Helm": [{"Basic Information": [{"Type": "Head"}, {"Weight": "4.6"}, {"Sell Price": "100"}, {"Online Trade": "Yes"}]}, {"Stats": {"Damage Negation": [{"Standard:": {"4.6": {"Immunity:": "12"}}}, {"Vs Strike:": {"4.2": {"Robustness:": "20"}}}, {"Vs Slash:": {"4.8": {"Focus:": "9"}}}, {"Vs Pierce:": {"4.2": {"Vitality:": "9"}}}, {"Magic:": {"4.4": {"Poise:": "5"}}}, {"Fire:": "3.4"}, {"Lightning:": "3.6"}, {"Holy:": "3.1"}]}}]}, {"Alluring Pot": {"\u8a98\u3044\u58fa (Sasoi Tsubo)": [{"Basic Information": [{"Type": "Tool"}, {"Max. Held": "10"}, {"Max. Stored": "600"}, {"FP Cost": "11"}, {"Item Effect": "Creates a pale shadow."}, {"Obtained": "Craftable"}]}, {"Crafting": [{"Cookbook": "Nomadic Warrior's Cookbook [21]"}, {"Required items": {"Albinauric Bloodclot": [{"Human Bone Shardx": "5"}, {"Ritual Pot": "x1"}]}}]}, {"Attribute Scaling": {"Str": {"-": {"-": {"-": {"-": "-"}}}}}}]}}, {"Altus Plateau": [{"Type": "Region"}, {"Sub-regions": {"Capital Outskirts": "Mt. Gelmir"}}, {"Legacy Dungeon": {"Leyndell, Royal Capital": "Volcano Manor"}}]}, {"Altus Bloom": {"\u30a2\u30eb\u30bf\u30b9\u306e\u82b1 (Arutasu no Hana)": [{"Basic Information": [{"Type": "Crafting Material"}, {"Max. Held": "999"}, {"Max. Stored": "999"}, {"Item Effect": "Material used for crafting items"}, {"Obtained": {"Grows in the": "Altus Plateau"}}, {"Sell Price": "10"}]}, {"Crafting": {"Required for": {"Bloodboil Aromatic": {"Poison Spraymist": {"Spark Aromatic": "Uplifting Aromatic"}}}}}]}}, {"Altus Plateau": [{"Type": "Region"}, {"Sub-regions": {"Capital Outskirts": "Mt. Gelmir"}}, {"Legacy Dungeon": {"Leyndell, Royal Capital": "Volcano Manor"}}]}, {"Altus Tunnel": [{"Region": "Altus Plateau"}, {"Type": "Cave"}, {"Boss": "Crystalian (Spear) & Crystalian (Ringblade)"}]}, {"Amber Draught": {"\u7425\u73c0\u8272\u306e\u7cbe\u85ac (Kohakuiro no Seiyaku)": {"Basic Information": [{"Type": "Key Item"}, {"Item Effect": {"Turns": {"Ranni the Witch": "hostile."}}}, {"Obtained": {"Quest:": "Preceptor Seluvis"}}]}}}, {"Amber Starlight": {"\u7425\u73c0\u306e\u661f\u5149 (Kohaku no Seik\u014d)": {"Basic Information": [{"Type": "Key Item"}, {"Item Effect": {"Given to": {"Seluvis": {"to receive the": {"Amber Draught": "."}}}}}, {"Obtained": {"Area:": "Altus Plateau"}}]}}}, {"Amber Draught": {"\u7425\u73c0\u8272\u306e\u7cbe\u85ac (Kohakuiro no Seiyaku)": {"Basic Information": [{"Type": "Key Item"}, {"Item Effect": {"Turns": {"Ranni the Witch": "hostile."}}}, {"Obtained": {"Quest:": "Preceptor Seluvis"}}]}}}, {"Ambush Shard": {"\u5947\u8972\u306e\u3064\u3076\u3066 (Kish\u016b no Tsubute)": [{"Basic Information": [{"Type": "Sorcery"}, {"FP Cost": "13"}, {"Slots Used": "1"}, {"Item Effect": "Strikes from behind with projectile fired from distance"}]}, {"Attributes Required": {"Int": {"23": {"0": "0"}}}}]}}, {"Blackflame Monk Amon": {"\u9ed2\u708e\u50e7\u5175\u3001\u30a2\u30e2\u30f3 (Kokuen S\u014dhei, Amon)": {"Basic Information": [{"Type": "Ashes"}, {"Max. Held": "1"}, {"Max. Stored": "600"}, {"FP Cost": "115"}, {"Item Effect": "Summons spirit of Blackflame Monk Amon"}, {"Obtained": "Hidden Path to the Haligtree"}]}}}, {"Millicent's Sisters": {"Overview": {"Type": [{"Location": {"Swamp of Aeonia": "Elphael, Brace of the Haligtree"}}, {"Runes": "18,932"}, {"Drops": "Rotten Winged Sword Insignia"}]}}}, {"Anastasia, Tarnished-Eater": {"Overview": {"Type": {"Location": {"Caelid": {"Mt. Gelmir": "Consecrated Snowfield"}}}}}}, {"Anastasia, Tarnished-Eater": {"Overview": {"Type": {"Location": {"Caelid": {"Mt. Gelmir": "Consecrated Snowfield"}}}}}}, {"Ancestor Spirit": "\u7956\u970a (Sorei)"}, {"Ancestor Spirit": {"\u7956\u970a": {"Information": [{"Description": "Defeated Ancestor Spirit"}, {"Visibility": "Hidden"}, {"Trophy Value": "Bronze"}, {"Gamerscore": "15"}]}}}, {"Ancestral Follower Warrior": {"Overview": {"Location": {"Drops": {"Ancestral Follower Set": {"Thin Beast Bones": "Budding Horn"}}}}}}, {"Ancestral Follower Ashes": {"\u7956\u970a\u306e\u6c11\u306e\u907a\u7070 (Sorei no Tami no Ihai)": {"Basic Information": [{"Type": "Ashes"}, {"Max. Held": "1"}, {"Max. Stored": "600"}, {"FP Cost": "86"}, {"Item Effect": "Summons ancestral follower spirit"}, {"Obtained": "Ancestor Spirit"}]}}}, {"Ancestral Follower Warrior": {"Overview": {"Location": {"Drops": {"Ancestral Follower Set": {"Thin Beast Bones": "Budding Horn"}}}}}}, {"Ancestral Follower Warrior": {"Overview": {"Location": {"Drops": {"Ancestral Follower Set": {"Thin Beast Bones": "Budding Horn"}}}}}}, {"Ancestral Followers": [{"Ideology": [{"Religion": {"Spirit": {"-worship": "[1]"}}}, {"Role": "Culling"}]}, {"Divisions": [{"Allegiances": {"Ancestor sprits": {"Beasts": "Regal ancestral spirits"}}}, {"Affiliation": "Ancient Dynasty"}]}, {"Locations": {"Siofra River": "Uld Palace Ruins"}}]}, {"Ancestral Infant's Head": {"\u5e7c\u7956\u970a\u306e\u982d (Y\u014dsorei no Atama)": [{"Basic Information": [{"Type": "Tool"}, {"Max. Held": "1"}, {"Max. Stored": "600"}, {"FP Cost": "27"}, {"Item Effect": "Uses FP to spray spirit vapor"}, {"Obtained": {"In a chest guarded by a": {"Ancestral Follower Shaman": {"inside a building in the lake northwest of": {"Ancestral Woods": "."}}}}}]}, {"Attribute Scaling": {"Str": {"-": {"-": {"A": {"-": "-"}}}}}}]}}, {"Ancestral Spirit's Horn": {"Basic Information": [{"Type": "Talisman"}, {"Weight": "1.2"}, {"Item Effect": "Restores FP upon defeating enemies"}, {"Sell Price": "500"}]}}, {"Ancestral Follower Warrior": {"Overview": {"Location": {"Drops": {"Ancestral Follower Set": {"Thin Beast Bones": "Budding Horn"}}}}}}, {"Ancestral Followers": [{"Ideology": [{"Religion": {"Spirit": {"-worship": "[1]"}}}, {"Role": "Culling"}]}, {"Divisions": [{"Allegiances": {"Ancestor sprits": {"Beasts": "Regal ancestral spirits"}}}, {"Affiliation": "Ancient Dynasty"}]}, {"Locations": {"Siofra River": "Uld Palace Ruins"}}]}, {"Ancient Death Rancor": {"\u53e4\u304d\u6b7b\u306e\u6028\u970a (Furuki Shi no Onry\u014d)": [{"Basic Information": [{"Type": "Sorcery"}, {"FP Cost": "21"}, {"Slots Used": "1"}, {"Item Effect": "Summons horde of vengeful spirits that chase down foes"}, {"Obtained": {"Dropped by": {"Death Rite Bird": "south of the Gate Town North grace."}}}]}, {"Attributes Required": {"Int": {"34": {"24": "0"}}}}]}}, {"Ancient Dragon": {"Overview": {"Location": [{"HP": "12,312 - 20,529"}, {"Runes": "14,400 - 32,400"}, {"Drops": {"Gravel Stone": "Ancient Dragon Smithing Stone"}}]}}}, {"Ancient Dragon's Blessing": {"\u53e4\u7adc\u306e\u6069\u5bf5 (Kory\u016b no Onch\u014d)": {"Basic Information": {"Type": "Tool"}}}}, {"Ancient Dragon-Man": {"\u53e4\u7adc\u4eba (Kory\u016bjin)": {"Overview": [{"Boss type": [{"Location": "Dragon's Pit"}, {"HP": "19,097"}, {"Runes": "130,000"}, {"Drops": "Dragon-Hunter's Great Katana"}]}, {"Resists": {"Misc": [{"Defense": {"100": "0"}}, {"Critable": {"Yes": "Yes"}}]}}, {"Race": {"Affiliation": {"Ancient Dragons": "Dragon Communion"}}}]}}}, {"Ancient Dragon Apostle's Cookbook [1]": [{"Basic Information": [{"Type": "Key Item"}, {"Max. Held": "1"}, {"Item Effect": "Expands crafting repertoire"}, {"Obtained": "Loot"}]}, {"Crafting": {"Required for": {"Lightning Grease": {"Drawstring Lightning Grease": {"Lightningbone Arrow": {"Lightningbone Arrow (Fletched)": "Lightningbone Bolt"}}}}}}]}, {"Ancient Dragon Apostle's Cookbook [2]": [{"Basic Information": [{"Type": "Key Item"}, {"Max. Held": "1"}, {"Item Effect": "Expands crafting repertoire"}, {"Obtained": "Purchase"}, {"Buy Price": "4,500"}]}, {"Crafting": {"Required for": {"Lightning Pot": "Roped Lightning Pot"}}}]}, {"Ancient Dragon Apostle's Cookbook [3]": [{"Basic Information": [{"Type": "Key Item"}, {"Max. Held": "1"}, {"Item Effect": "Expands crafting repertoire"}, {"Obtained": "Loot"}]}, {"Crafting": {"Required for": "Dragonwound Grease"}}]}, {"Ancient Dragon Apostle's Cookbook [4]": [{"Basic Information": [{"Type": "Key Item"}, {"Max. Held": "1"}, {"Item Effect": "Expands crafting repertoire"}, {"Obtained": "Loot"}]}, {"Crafting": {"Required for": {"Ancient Dragonbolt Pot": "Lightningproof Dried Liver"}}}]}, {"Ancient Dragon Cult": [{"Alias": "Dragon Cult"}, {"Members": {"Godwyn the Golden": "Ancient Dragon Fortissax"}}, {"Capital": "Leyndell, Royal Capital"}]}, {"Ancient Dragon Florissax": {"\u53e4\u7adc\u30d5\u30ed\u30fc\u30b5\u30af\u30b9 (Kory\u016b Fur\u014dsakusu)": {"Basic Information": [{"Type": "Ashes"}, {"FP Cost": "85"}, {"Item Effect": "Summons spirit of Ancient Dragon Florissax"}]}}}, {"Lichdragon Fortissax": {"\u6b7b\u7adc\u30d5\u30a9\u30eb\u30b5\u30af\u30b9 (Shiry\u016b Forusakusu)": {"Overview": {"Location": [{"HP": "12,903"}, {"Runes": "90,000"}, {"Drops": "Remembrance of the Lichdragon"}]}}}}, {"Ancient Dragon Knight Kristoff": {"\u53e4\u7adc\u306e\u9a0e\u58eb\u3001\u30af\u30ea\u30b9\u30c8\u30d5 (Kory\u016b no Kishi, Kurisutofu)": {"Basic Information": [{"Type": "Ashes"}, {"FP Cost": "108"}, {"Item Effect": "Summons spirit of Ancient Dragon Knight Kristoff"}, {"Obtained": "Sainted Hero's Grave"}]}}}, {"Ancient Dragon Knight Kristoff": {"\u53e4\u7adc\u306e\u9a0e\u58eb\u3001\u30af\u30ea\u30b9\u30c8\u30d5 (Kory\u016b no Kishi, Kurisutofu)": {"Basic Information": [{"Type": "Ashes"}, {"FP Cost": "108"}, {"Item Effect": "Summons spirit of Ancient Dragon Knight Kristoff"}, {"Obtained": "Sainted Hero's Grave"}]}}}, {"Ancient Dragon": {"Overview": {"Location": [{"HP": "12,312 - 20,529"}, {"Runes": "14,400 - 32,400"}, {"Drops": {"Gravel Stone": "Ancient Dragon Smithing Stone"}}]}}}, {"Ancient Dragon Prayerbook": {"\u53e4\u304d\u7adc\u306e\u7948\u7977\u66f8": {"Basic Information": [{"Type": "Key Item"}, {"Category": "Prayerbook"}, {"Max. Held": "1"}, {"Item Effect": "Give to a learned cleric to acquire new incantations"}, {"Obtained": "Crumbling Farum Azula"}]}}}, {"Ancient Dragon Senessax": {"\u53e4\u7adc\u30bb\u30cd\u30b5\u30af\u30b9 (Kory\u016b Senesakusu)": {"Overview": [{"Boss type": [{"Location": "Jagged Peak"}, {"HP": "45,551"}, {"Runes": "200,000"}, {"Drops": {"Ancient Dragon Smithing Stone": "Somber Ancient Dragon Smithing Stone"}}]}, {"Race": "Ancient Dragon"}]}}}, {"Ancient Dragon Smithing Stone": {"Basic Information": [{"Type": "Bolstering Material"}, {"Max. Held": "999"}, {"Max. Stored": "999"}, {"Item Effect": "Reinforce armaments up to +25"}, {"Obtained": "Loot"}, {"Buy Price": "20,000"}, {"Sell Price": "1000"}]}}, {"Ancient Dragon Cult": [{"Alias": "Dragon Cult"}, {"Members": {"Godwyn the Golden": "Ancient Dragon Fortissax"}}, {"Capital": "Leyndell, Royal Capital"}]}, {"Ancient Dragonbolt Pot": {"\u53e4\u7adc\u306e\u96f7\u58fa (Kory\u016b no Kaminaritsubo)": [{"Basic Information": [{"Type": "Tool"}, {"Max. Held": "10"}, {"Max. Stored": "600"}, {"Obtained": "Craftable"}]}, {"Crafting": [{"Cookbook": "Ancient Dragon Apostle's Cookbook [4]"}, {"Required items": {"Mushroom": [{"Fulgurbloom": "x1"}, {"Gravel Stone": "x1"}, {"Ritual Pot": "x1"}]}}]}, {"Attribute Scaling": {"Str": {"D": {"B": {"-": {"-": "-"}}}}}}]}}, {"Ancient Dragon": {"Overview": {"Location": [{"HP": "12,312 - 20,529"}, {"Runes": "14,400 - 32,400"}, {"Drops": {"Gravel Stone": "Ancient Dragon Smithing Stone"}}]}}}, {"Ancient Dragons' Lightning Spear": {"\u53e4\u7adc\u306e\u96f7\u69cd (Kory\u016b no Rais\u014d)": [{"Basic Information": [{"Type": "Incantation"}, {"Category": "Dragon Cult Incantation"}, {"Max. Held": "99"}, {"Max. Stored": "600"}, {"FP Cost": "25"}, {"Slots Used": "1"}, {"Item Effect": {"Stabs with red": {"lightning": "spear from above"}}}, {"Obtained": "Ancient Dragon Prayerbook"}, {"Buy Price": "8,500"}]}, {"Attributes Required": {"Int": {"0": {"32": "0"}}}}]}}, {"Ancient Dragons' Lightning Strike": {"\u53e4\u7adc\u306e\u96f7\u6483 (Kory\u016b no Raigeki)": [{"Basic Information": [{"Type": "Incantation"}, {"Category": "Dragon Cult Incantation"}, {"Max. Held": "99"}, {"Max. Stored": "600"}, {"FP Cost": "27"}, {"Slots Used": "1"}, {"Item Effect": {"Summons red": {"lightning": "that spreads from impact"}}}, {"Obtained": "Ancient Dragon Prayerbook"}, {"Buy Price": "10,500"}]}, {"Attributes Required": {"Int": {"0": {"26": "0"}}}}]}}, {"Ancient Dynasty": [{"Status": "Dissolved"}, {"Followers": "Claymen"}, {"Capital": [{"Locations": {"Siofra River Well": {"Uhl Palace Ruins": "Uld Palace Ruins"}}}, {"Origin": "Stone coffins"}]}]}, {"Erdtree Incantations": {"Spell type": [{"Attributes": "Faith"}, {"Damage type": "Holy"}]}}, {"Erdtree Incantations": {"Spell type": [{"Attributes": "Faith"}, {"Damage type": "Holy"}]}}, {"Ancient Hero of Zamor": {"Overview": {"Location": [{"HP": "4,122"}, {"Runes": "5,039"}]}}}, {"Unique Skill: Ancient Lightning Spear": {"Basic Information": [{"Type": "Unique Skill"}, {"FP Cost": "- (- -)"}, {"Weapon": "Bolt of Gransax"}]}}, {"Ancient Meteoric Ore Greatsword": [{"Basic Information": [{"Type": "Colossal Sword"}, {"Attack type": "Standard/Pierce"}, {"Skill": "White Light Charge"}, {"FP Cost": "10 (25)"}, {"Weight": "22.0"}, {"Sell Price": "100"}, {"Online Trade": "Yes"}]}, {"Stats": [{"Stats": [{"Attack Power": "Guarded Damage Negation"}, {"Physical:": {"154": {"Physical:": "80.0"}}}, {"Magic:": {"46": {"Magic:": "55.0"}}}, {"Fire:": {"0": {"Fire:": "49.0"}}}, {"Lightning:": {"0": {"Lightning:": "49.0"}}}, {"Holy:": {"0": {"Holy:": "49.0"}}}, {"Critical:": {"100": {"Guard Boost:": "55"}}}]}, {"Attributes": [{"Attribute": {"Required": "Scaling"}}, {"Strength:": [{"35": {"\\1h": {"24": "\\2h"}}}, {"D": []}]}, {"Dexterity:": {"10": "E"}}, {"I": {"n": {"t": {"e": {"l": {"l": {"i": {"g": {"e": {"n": {"c": {"e": ":"}}}}}}}}}}}}, {"Faith:": {"0": "0"}}, {"Arcane:": {"19": "D"}}]}]}]}, {"Ancient Meteroric Ore Greatsword": [{"Basic Information": [{"Type": "Colossal Sword"}, {"Attack type": "Standard/Pierce"}, {"Skill": "White Light Charge"}, {"FP Cost": "10 (-25)"}, {"Weight": "22.0"}, {"Sell Price": "100"}, {"Online Trade": "Yes"}]}, {"Stats": [{"Stats": [{"Attack Power": "Guarded Damage Negation"}, {"Physical:": {"154": {"Physical:": "80"}}}, {"Magic:": {"46": {"Magic:": "55"}}}, {"Fire:": {"0": {"Fire:": "49"}}}, {"Lightning:": {"0": {"Lightning:": "49"}}}, {"Holy:": {"0": {"Holy:": "49"}}}, {"Critical:": {"100": {"Guard Boost:": "55"}}}]}, {"Attributes": [{"Attribute": {"Required": "Scaling"}}, {"Strength:": [{"35": {"\\1h": {"24": "\\2h"}}}, {"D": []}]}, {"Dexterity:": {"10": "E"}}, {"I": {"n": {"t": {"e": {"l": {"l": {"i": {"g": {"e": {"n": {"c": {"e": ":"}}}}}}}}}}}}, {"F": {"a": {"i": {"t": {"h": ":"}}}}}, {"Arcane:": {"19": "D"}}]}]}]}, {"Ancient Ruins": [{"Locations": {"Ancient Ruins of Rauh": {"Highroad Cave": "Ruin-Strewn Precipice"}}}, {"Builders": {"Destroyed": {"Before": "hornsent"}}}]}, {"Ancient Ruins Cross Message": {"\u53e4\u907a\u8de1\u5341\u5b57\u306e\u7f6e\u304d\u624b\u7d19": {"Basic Information": [{"Type": "Key Item"}, {"Max. Held": "1"}]}}}, {"Ancient Ruins of Rauh": {"Region": "Realm of Shadow"}}, {"Ancient Dragon": {"Overview": {"Location": [{"HP": "12,312 - 20,529"}, {"Runes": "14,400 - 32,400"}, {"Drops": {"Gravel Stone": "Ancient Dragon Smithing Stone"}}]}}}, {"Ancient Dragon Cult": [{"Alias": "Dragon Cult"}, {"Members": {"Godwyn the Golden": "Ancient Dragon Fortissax"}}, {"Capital": "Leyndell, Royal Capital"}]}, {"Ancient Dragon": {"Overview": {"Location": [{"HP": "12,312 - 20,529"}, {"Runes": "14,400 - 32,400"}, {"Drops": {"Gravel Stone": "Ancient Dragon Smithing Stone"}}]}}}, {"Unique Skill: Angel's Wings": {"Basic Information": [{"Type": "Unique Skill"}, {"FP Cost": "- (- -)"}, {"Weapon": "Winged Scythe"}]}}, {"Swordhand of Night Anna": {"Overview": [{"Alias": {"Type": [{"Location": {"Rabbath's Rise": "Finger Ruins of Miyr"}}, {"Drops": "Claws of Night"}]}}, {"Role": {"Family": {"Siblings": "Jol\u00e1n, Swordhand of Night"}}}]}}, {"Sir Ansbach": {"\u8001\u5175\u30a2\u30f3\u30b9\u30d0\u30c3\u30cf (R\u014dhei Ansubahha)": {"Overview": [{"Voice actor": "Ben Miles"}, {"Role": {"Affiliation": {"Miquella's Followers": {"Mohgwyn Dynasty": {"(formerly)": {"[1]": {"Pureblood Knights": "(formerly)"}}}}}}}]}}}, {"Ant's Skull Plate": [{"Basic Information": [{"Type": "Greatshield"}, {"Attack type": "Strike"}, {"Skill": "Shield Bash"}, {"Weight": "13.5"}, {"Sell Price": "100"}, {"Online Trade": "Yes"}]}, {"Stats": [{"Stats": [{"Attack Power": "Guarded Damage Negation"}, {"Physical:": {"136": {"Physical:": "100"}}}, {"Magic:": {"0": {"Magic:": "47"}}}, {"Fire:": {"0": {"Fire:": "42"}}}, {"Lightning:": {"0": {"Lightning:": "57"}}}, {"Holy:": {"0": {"Holy:": "57"}}}, {"Critical:": {"100": {"Guard Boost:": "59"}}}]}, {"Attributes": [{"Attribute": {"Required": "Scaling"}}, {"Strength:": [{"28": {"\\1h": {"19": "\\2h"}}}, {"D": []}]}, {"D": {"e": {"x": {"t": {"e": {"r": {"i": {"t": {"y": ":"}}}}}}}}}, {"I": {"n": {"t": {"e": {"l": {"l": {"i": {"g": {"e": {"n": {"c": {"e": ":"}}}}}}}}}}}}, {"F": {"a": {"i": {"t": {"h": ":"}}}}}, {"A": {"r": {"c": {"a": {"n": {"e": ":"}}}}}}]}]}]}, {"Antspur Rapier": [{"Basic Information": [{"Type": "Thrusting Sword"}, {"Attack type": "Standard/Pierce"}, {"Skill": "Impaling Thrust"}, {"FP Cost": "9"}, {"Weight": "3"}, {"Sell Price": "200"}, {"Online Trade": "Yes"}]}, {"Stats": [{"Stats": [{"Attack Power": "Guarded Damage Negation"}, {"Physical:": {"98": {"Physical:": "47"}}}, {"Magic:": {"0": {"Magic:": "31"}}}, {"Fire:": {"0": {"Fire:": "31"}}}, {"Lightning:": {"0": {"Lightning:": "31"}}}, {"Holy:": {"0": {"Holy:": "31"}}}, {"Critical:": {"100": {"Guard Boost:": "21"}}}]}, {"Attributes": [{"Attribute": {"Required": "Scaling"}}, {"Strength:": [{"10": {"\\1h": {"8": "\\2h"}}}, {"D": []}]}, {"Dexterity:": {"20": "D"}}, {"I": {"n": {"t": {"e": {"l": {"l": {"i": {"g": {"e": {"n": {"c": {"e": ":"}}}}}}}}}}}}, {"F": {"a": {"i": {"t": {"h": ":"}}}}}, {"A": {"r": {"c": {"a": {"n": {"e": ":"}}}}}}]}]}, {"Passive Effects": "Causes scarlet rot buildup"}]}, {"Anvil Hammer": [{"Basic Information": [{"Type": "Colossal Weapon"}, {"Attack type": "Strike"}, {"Skill": "Smithing Art Spears"}, {"FP Cost": "18"}, {"Sell Price": "100"}, {"Online Trade": "Yes"}]}, {"Stats": [{"Stats": [{"Attack Power": "Guarded Damage Negation"}, {"Physical:": {"131": {"Physical:": "80.0"}}}, {"Magic:": {"0": {"Magic:": "43.0"}}}, {"Fire:": {"85": {"Fire:": "59.0"}}}, {"Lightning:": {"0": {"Lightning:": "43.0"}}}, {"Holy:": {"0": {"Holy:": "41.0"}}}, {"Critical:": {"100": {"Guard Boost:": "53"}}}]}, {"Attributes": [{"Attribute": {"Required": "Scaling"}}, {"Strength:": [{"39": {"\\1h": {"INSERTNUMB": "\\2h"}}}, {"C": []}]}, {"Dexterity:": {"10": "E"}}, {"Intelligence:": {"11": "E"}}, {"Faith:": {"20": "D"}}, {"Arcane:": "0"}]}]}]}, {"Axe of Godfrey": [{"Basic Information": [{"Type": "Colossal Weapon"}, {"Attack type": "Standard"}, {"Skill": "Regal Roar"}, {"Weight": "18"}, {"Sell Price": "100"}, {"Online Trade": "Yes"}]}, {"Stats": [{"Stats": [{"Attack Power": "Guarded Damage Negation"}, {"Physical:": {"165": {"Physical:": "60"}}}, {"Magic:": {"0": {"Magic:": "45"}}}, {"Fire:": {"0": {"Fire:": "45"}}}, {"Lightning:": {"0": {"Lightning:": "45"}}}, {"Holy:": {"0": {"Holy:": "45"}}}, {"Critical:": {"100": {"Guard Boost:": "40"}}}]}, {"Attributes": [{"Attribute": {"Required": "Scaling"}}, {"Strength:": [{"42": {"\\1h": {"28": "\\2h"}}}, {"D": []}]}, {"Dexterity:": {"14": "D"}}, {"I": {"n": {"t": {"e": {"l": {"l": {"i": {"g": {"e": {"n": {"c": {"e": ":"}}}}}}}}}}}}, {"F": {"a": {"i": {"t": {"h": ":"}}}}}, {"A": {"r": {"c": {"a": {"n": {"e": ":"}}}}}}]}]}]}, {"Axe of Godrick": [{"Basic Information": [{"Type": "Greataxe"}, {"Attack type": "Standard"}, {"Skill": "I Command Thee, Kneel!"}, {"Weight": "11"}, {"Sell Price": "100"}, {"Online Trade": "Yes"}]}, {"Stats": [{"Stats": [{"Attack Power": "Guarded Damage Negation"}, {"Physical:": {"142": {"Physical:": "50"}}}, {"Magic:": {"0": {"Magic:": "35"}}}, {"Fire:": {"0": {"Fire:": "35"}}}, {"Lightning:": {"0": {"Lightning:": "35"}}}, {"Holy:": {"0": {"Holy:": "35"}}}, {"Critical:": {"100": {"Guard Boost:": "35"}}}]}, {"Attributes": [{"Attribute": {"Required": "Scaling"}}, {"Strength:": [{"34": {"\\1h": {"23": "\\2h"}}}, {"D": []}]}, {"Dexterity:": {"22": "D"}}, {"I": {"n": {"t": {"e": {"l": {"l": {"i": {"g": {"e": {"n": {"c": {"e": ":"}}}}}}}}}}}}, {"F": {"a": {"i": {"t": {"h": ":"}}}}}, {"A": {"r": {"c": {"a": {"n": {"e": ":"}}}}}}]}]}]}, {"Apostate Derelict": {"Information": [{"Region": "Consecrated Snowfield"}, {"Type": "Church"}]}}, {"1.00": [{"Released": "February 25th, 2022"}, {"Version": "1.00"}]}, {"1.02": [{"Released": "February 24th, 2022"}, {"Version": "1.02"}]}, {"1.02.1": [{"Released": "February 26th, 2022"}, {"Version": "1.02.1"}]}, {"1.02.2": [{"Released": "March 2nd, 2022"}, {"Version": "1.02.2"}]}, {"1.02.3": [{"Released": "March 4th, 2022"}, {"Version": "1.02.3"}]}, {"1.03": [{"Released": "March 17th, 2022"}, {"Version": "1.03"}]}, {"1.03.1": [{"Released": "March 18th, 2022"}, {"Version": "1.03.1"}, {"Download Size": [{"PC": "14MB"}, {"Xbox": "600MB"}, {"PlayStation": "98MB"}]}]}, {"1.03.2": [{"Released": "March 23rd, 2022"}, {"Version": "1.03.2"}]}, {"1.03.3": [{"Released": "April 4th, 2022"}, {"Version": "1.03.3"}]}, {"1.04": [{"Released": "April 19th, 2022"}, {"Version": "1.04"}]}, {"1.04.1": [{"Released": "April 26th, 2022"}, {"Version": "1.04.1"}]}, {"1.05": [{"Released": "June 13th, 2022"}, {"Version": "1.05"}]}, {"1.06": [{"Released": "August 9th, 2022"}, {"Version": "1.06"}]}, {"1.07": [{"Released": "October 13th, 2022"}, {"Version": "1.07"}]}, {"1.07.1": [{"Released": "October 13th, 2022"}, {"Version": "1.07.1"}]}, {"1.08": [{"Released": "December 7th, 2022"}, {"Version": "1.08"}]}, {"1.08.1": [{"Released": "December 15th, 2022"}, {"Version": "1.08.1"}]}, {"1.09": [{"Released": "March 23rd, 2023"}, {"Version": "1.09"}]}, {"1.09.1": [{"Released": "April 18th, 2023"}, {"Version": "1.09.1"}]}, {"1.10": [{"Released": "July 26th, 2023"}, {"Version": "1.10"}]}, {"Arbalest": [{"Basic Information": [{"Type": "Crossbow"}, {"Attack type": "None"}, {"Skill": "Kick"}, {"FP Cost": "0"}, {"Weight": "6.0"}, {"Sell Price": "100"}, {"Online Trade": "Yes"}]}, {"Stats": [{"Stats": [{"Attack Power": "Guarded Damage Negation"}, {"Physical:": {"69": {"Physical:": "-"}}}, {"Magic:": {"0": {"Magic:": "-"}}}, {"Fire:": {"0": {"Fire:": "-"}}}, {"Lightning:": {"0": {"Lightning:": "-"}}}, {"Holy:": {"0": {"Holy:": "-"}}}, {"Critical:": {"100": {"Guard Boost:": "-"}}}, {"S": {"o": {"r": {"c": {"e": {"r": {"y": {" ": {"S": {"c": {"a": {"l": {"i": {"n": {"g": ":"}}}}}}}}}}}}}}}, {"I": {"n": {"c": {"a": {"n": {"t": {"a": {"t": {"i": {"o": {"n": {" ": {"S": {"c": {"a": {"l": {"i": {"n": {"g": ":"}}}}}}}}}}}}}}}}}}}]}, {"Attributes": [{"Attribute": {"Required": "Scaling"}}, {"Strength:": [{"18": {"\\1h": {"12": "\\2h"}}}, {"-": []}]}, {"Dexterity:": {"12": "-"}}, {"Intelligence:": {"0": "-"}}, {"Faith:": {"0": "-"}}, {"Arcane:": {"0": "-"}}]}]}]}, {"Archer Ashes": {"\u5f13\u5175\u306e\u907a\u7070 (Ky\u016bhei no Ihai)": {"Basic Information": [{"Type": "Ashes"}, {"Max. Held": "1"}, {"Max. Stored": "600"}, {"FP Cost": "57"}, {"Item Effect": "Summons three archer spirits"}]}}}, {"Chief Guardian Arghanthy": {"Overview": {"Location": [{"HP": "5136"}, {"Runes": "5040"}, {"Drops": "One-Eyed Shield"}]}}}, {"Aristocrat Boots": [{"Basic Information": [{"Type": "Legs"}, {"Weight": "2.9"}, {"Sell Price": "10"}, {"Online Trade": "Yes"}]}, {"Stats": {"Damage Negation": [{"Standard:": {"4.3": {"Immunity:": "29"}}}, {"Vs Strike:": {"4.8": {"Robustness:": "21"}}}, {"Vs Slash:": {"4.3": {"Focus:": "23"}}}, {"Vs Pierce:": {"4.3": {"Vitality:": "19"}}}, {"Magic:": {"3.6": {"Poise:": "1"}}}, {"Fire:": "3.8"}, {"Lightning:": "4.3"}, {"Holy:": "3.6"}]}}]}, {"Aristocrat Coat": [{"Basic Information": [{"Type": "Chest"}, {"Weight": "7.1"}, {"Sell Price": "10"}, {"Online Trade": "Yes"}]}, {"Stats": {"Damage Negation": [{"Standard:": {"8.8": {"Immunity:": "50"}}}, {"Vs Strike:": {"8.8": {"Robustness:": "32"}}}, {"Vs Slash:": {"8.0": {"Focus:": "42"}}}, {"Vs Pierce:": {"8.8": {"Vitality:": "46"}}}, {"Magic:": {"10.9": {"Poise:": "3"}}}, {"Fire:": "11.4"}, {"Lightning:": "10.9"}, {"Holy:": "8.8"}]}}]}, {"Aristocrat Garb": [{"Basic Information": [{"Type": "Chest"}, {"Altered": "Aristocrat Garb (Altered)"}, {"Weight": "4.9"}, {"Sell Price": "10"}, {"Online Trade": "Yes"}]}, {"Stats": {"Damage Negation": [{"Standard:": {"7.8": {"Immunity:": "47"}}}, {"Vs Strike:": {"8.6": {"Robustness:": "33"}}}, {"Vs Slash:": {"7.8": {"Focus:": "36"}}}, {"Vs Pierce:": {"7.8": {"Vitality:": "30"}}}, {"Magic:": {"6.5": {"Poise:": "2"}}}, {"Fire:": "6.9"}, {"Lightning:": "7.8"}, {"Holy:": "6.5"}]}}]}, {"Aristocrat Garb (Altered)": [{"Basic Information": [{"Type": "Chest"}, {"Unaltered": "Aristocrat Garb"}, {"Weight": "4.1"}, {"Sell Price": "10"}, {"Online Trade": "Yes"}]}, {"Stats": {"Damage Negation": [{"Standard:": {"7.1": {"Immunity:": "42"}}}, {"Vs Strike:": {"8.0": {"Robustness:": "29"}}}, {"Vs Slash:": {"7.1": {"Focus:": "32"}}}, {"Vs Pierce:": {"7.1": {"Vitality:": "25"}}}, {"Magic:": {"6.1": {"Poise:": "1"}}}, {"Fire:": "6.7"}, {"Lightning:": "7.1"}, {"Holy:": "6.1"}]}}]}, {"Aristocrat Hat": [{"Basic Information": [{"Type": "Head"}, {"Weight": "3.0"}, {"Sell Price": "10"}, {"Online Trade": "Yes"}]}, {"Stats": {"Damage Negation": [{"Standard:": {"3.1": {"Immunity:": "22"}}}, {"Vs Strike:": {"3.1": {"Robustness:": "14"}}}, {"Vs Slash:": {"2.8": {"Focus:": "18"}}}, {"Vs Pierce:": {"3.1": {"Vitality:": "20"}}}, {"Magic:": {"3.8": {"Poise:": "1"}}}, {"Fire:": "4.0"}, {"Lightning:": "3.8"}, {"Holy:": "3.1"}]}}]}, {"Aristocrat Headband": [{"Basic Information": [{"Type": "Head"}, {"Weight": "1.2"}, {"Sell Price": "1000"}, {"Online Trade": "Yes"}]}, {"Stats": {"Damage Negation": [{"Standard:": {"1.9": {"Immunity:": "15"}}}, {"Vs Strike:": {"1.9": {"Robustness:": "10"}}}, {"Vs Slash:": {"1.9": {"Focus:": "25"}}}, {"Vs Pierce:": {"1.6": {"Vitality:": "22"}}}, {"Magic:": {"4.0": {"Poise:": "0"}}}, {"Fire:": "3.6"}, {"Lightning:": "3.8"}, {"Holy:": "4.0"}]}}]}, {"Armor of Solitude": [{"Basic Information": [{"Type": "Chest"}, {"Weight": "24"}, {"Sell Price": "500"}, {"Online Trade": "Yes"}]}, {"Stats": {"Damage Negation": [{"Standard:": {"18.7": {"Immunity:": "60"}}}, {"Vs Strike:": {"17.7": {"Robustness:": "63"}}}, {"Vs Slash:": {"18.3": {"Focus:": "99"}}}, {"Vs Pierce:": {"17.5": {"Vitality:": "50"}}}, {"Magic:": {"13.3": {"Poise:": "45"}}}, {"Fire:": "14.5"}, {"Lightning:": "13.5"}, {"Holy:": "13.8"}]}}]}, {"Armorer's Cookbook [1]": [{"Basic Information": [{"Type": "Key Item"}, {"Category": "Cookbook"}, {"Max. Held": "1"}, {"Item Effect": "Expands crafting repertoire"}, {"Obtained": "Loot"}]}, {"Crafting": {"Required for": {"Fire Grease": {"Drawstring Fire Grease": "Fireproof Dried Liver"}}}}]}, {"Armorer's Cookbook [2]": [{"Basic Information": [{"Type": "Key Item"}, {"Category": "Cookbook"}, {"Max. Held": "1"}, {"Item Effect": "Expands crafting repertoire"}, {"Obtained": "Purchase"}, {"Buy Price": "600"}]}, {"Crafting": {"Required for": {"Firebone Arrow": {"Firebone Arrow (Fletched)": {"Firebone Bolt": "Neutralizing Boluses"}}}}}]}, {"Armorer's Cookbook [3]": [{"Basic Information": [{"Type": "Key Item"}, {"Category": "Cookbook"}, {"Max. Held": "1"}, {"Item Effect": "Expands crafting repertoire"}, {"Obtained": "Purchase"}, {"Buy Price": "2,000"}]}, {"Crafting": {"Required for": "Exalted Flesh"}}]}, {"Armorer's Cookbook [4]": [{"Basic Information": [{"Type": "Key Item"}, {"Category": "Cookbook"}, {"Max. Held": "1"}, {"Item Effect": "Expands crafting repertoire"}, {"Obtained": "Loot"}]}, {"Crafting": {"Required for": "Redmane Fire Pot"}}]}, {"Armorer's Cookbook [5]": [{"Basic Information": [{"Type": "Key Item"}, {"Category": "Cookbook"}, {"Max. Held": "1"}, {"Item Effect": "Expands crafting repertoire"}, {"Obtained": "Loot"}]}, {"Crafting": {"Required for": {"Immunizing Cured Meat": "Immunizing White Cured Meat"}}}]}, {"Armorer's Cookbook [6]": [{"Basic Information": [{"Type": "Key Item"}, {"Category": "Cookbook"}, {"Max. Held": "1"}, {"Item Effect": "Expands crafting repertoire"}, {"Obtained": "Loot"}]}, {"Crafting": {"Required for": "Preserving Boluses"}}]}, {"Armorer's Cookbook [7]": [{"Basic Information": [{"Type": "Key Item"}, {"Category": "Cookbook"}, {"Max. Held": "1"}, {"Item Effect": "Expands crafting repertoire"}, {"Obtained": "Loot"}]}, {"Crafting": {"Required for": "Giantsflame Fire Pot"}}]}, {"Arrow": [{"Basic Information": [{"Type": "Arrow"}, {"Max. Held": "99"}, {"Max. Stored": "600"}, {"Obtained": "Purchase"}, {"Buy Price": "20"}]}, {"Attack Power": [{"Physical": "45"}, {"Magic": "0"}, {"Fire": "0"}, {"Lightning": "0"}, {"Holy": "0"}, {"Critical": "100"}]}]}, {"Arrow's Reach Talisman": {"Basic Information": [{"Type": "Talisman"}, {"Weight": "0.7"}, {"Item Effect": "Increases bow effective range"}, {"Sell Price": "500"}]}}, {"Arrow's Sting Talisman": {"Basic Information": [{"Type": "Talisman"}, {"Weight": "0.7"}, {"Item Effect": "Raises attack power of arrows and bolts"}, {"Sell Price": "500"}]}}, {"Arsenal Charm": {"\u6b66\u5177\u584a\u306e\u304a\u5b88\u308a (Bugu katamari no omamori)": {"Basic Information": [{"Type": "Talisman"}, {"Weight": "1.5"}, {"Item Effect": "Raises maximum equipment load"}, {"Obtained": {"Quest:": "Nepheli Loux, Warrior"}}, {"Sell Price": "100"}]}}}, {"Arsenal Charm +1": {"Basic Information": [{"Type": "Talisman"}, {"Weight": "1.5"}, {"Item Effect": "Greatly raises maximum equipment load"}, {"Sell Price": "100"}]}}, {"Arteria Leaf": {"\u30a2\u30eb\u30c6\u30ea\u30a2\u306e\u8449 (Aruteria no Ha)": [{"Basic Information": [{"Type": "Crafting Material"}, {"Max. Held": "999"}, {"Max. Stored": "999"}, {"Item Effect": "Material used for crafting items"}, {"Obtained": "Exceedingly rare to find"}, {"Sell Price": "100"}]}, {"Crafting": {"Required for": {"Bloodboil Aromatic": {"Exalted Flesh": "Uplifting Aromatic"}}}}]}}, {"Artist's Shack": {"Information": [{"Region": "Limgrave"}, {"Type": "Shack"}]}}, {"Artist's Shack": {"Information": [{"Region": "Limgrave"}, {"Type": "Shack"}]}}, {"Artist's Shack (Liurnia)": {"Information": [{"Region": "Liurnia of the Lakes"}, {"Type": "Shack"}]}}, {"Antspur Rapier": [{"Basic Information": [{"Type": "Thrusting Sword"}, {"Attack type": "Standard/Pierce"}, {"Skill": "Impaling Thrust"}, {"FP Cost": "9"}, {"Weight": "3"}, {"Sell Price": "200"}, {"Online Trade": "Yes"}]}, {"Stats": [{"Stats": [{"Attack Power": "Guarded Damage Negation"}, {"Physical:": {"98": {"Physical:": "47"}}}, {"Magic:": {"0": {"Magic:": "31"}}}, {"Fire:": {"0": {"Fire:": "31"}}}, {"Lightning:": {"0": {"Lightning:": "31"}}}, {"Holy:": {"0": {"Holy:": "31"}}}, {"Critical:": {"100": {"Guard Boost:": "21"}}}]}, {"Attributes": [{"Attribute": {"Required": "Scaling"}}, {"Strength:": [{"10": {"\\1h": {"8": "\\2h"}}}, {"D": []}]}, {"Dexterity:": {"20": "D"}}, {"I": {"n": {"t": {"e": {"l": {"l": {"i": {"g": {"e": {"n": {"c": {"e": ":"}}}}}}}}}}}}, {"F": {"a": {"i": {"t": {"h": ":"}}}}}, {"A": {"r": {"c": {"a": {"n": {"e": ":"}}}}}}]}]}, {"Passive Effects": "Causes scarlet rot buildup"}]}, {"As You Wish": {"Basic Information": [{"Type": "Gesture"}, {"Item Effect": "Locks player in place"}]}}, {"Aseo": {"Personal": {"Race": {"Role": "Main Character"}}}}, {"Ash-of-War Scarab": [{"Basic Information": [{"Type": "Head"}, {"Weight": "5.1"}, {"Sell Price": "500"}, {"Online Trade": "Yes"}]}, {"Stats": {"Damage Negation": [{"Standard:": {"-5.8": {"Immunity:": "42"}}}, {"Vs Strike:": {"-5.6": {"Robustness:": "22"}}}, {"Vs Slash:": {"-5.8": {"Focus:": "27"}}}, {"Vs Pierce:": {"-5.8": {"Vitality:": "26"}}}, {"Magic:": {"-4.9": {"Poise:": "2"}}}, {"Fire:": "-4.9"}, {"Lightning:": "-4.9"}, {"Holy:": "-5.1"}]}}]}, {"Ash of War: Aspects of the Crucible: Wings": {"Basic Information": [{"Type": "Ash of War"}, {"Affinity": "Sacred"}, {"Obtained": "Black Knight Edredd"}, {"Sell Price": "300"}]}}, {"Ash of War: Assassin's Gambit": {"\u6226\u7070\u300c\u6697\u6bba\u306e\u4f5c\u6cd5\u300d": {"Basic Information": [{"Type": "Ash of War"}, {"Affinity": "Occult"}, {"Item Effect": "Grants affinities and skills to an armament"}, {"Buy Price": "6,500"}, {"Sell Price": "300"}, {"Online Trade": "Yes"}]}}}, {"Ash of War: Barbaric Roar": {"\u6226\u7070\u300c\u91ce\u86ee\u306a\u5486\u54ee\u300d": {"Basic Information": [{"Type": "Ash of War"}, {"Affinity": "Heavy"}, {"Item Effect": "Grants affinities and skills to an armament"}, {"Sell Price": "300"}, {"Online Trade": "Yes"}]}}}, {"Ash of War: Barrage": {"\u6226\u7070\u300c\u9023\u7d9a\u5c04\u6483\u300d": {"Basic Information": [{"Type": "Ash of War"}, {"Affinity": "Standard"}, {"Item Effect": "Grants affinities and skills to an armament"}, {"Sell Price": "300"}, {"Online Trade": "Yes"}]}}}, {"Ash of War: Barricade Shield": {"\u6226\u7070\u300c\u9244\u58c1\u306e\u76fe\u300d": {"Basic Information": [{"Type": "Ash of War"}, {"Affinity": "Standard"}, {"Item Effect": "Grants affinities and skills to an armament"}, {"Sell Price": "300"}, {"Online Trade": "Yes"}]}}}, {"Ash of War: Beast's Roar": {"\u6226\u7070\u300c\u7363\u306e\u5486\u54ee\u300d": {"Basic Information": [{"Type": "Ash of War"}, {"FP Cost": "10"}, {"Affinity": "Keen"}, {"Item Effect": "Grants affinities and skills to an armament"}, {"Sell Price": "300"}, {"Online Trade": "Yes"}]}}}, {"Ash of War: Black Flame Tornado": {"\u6226\u7070\u300c\u9ed2\u708e\u306e\u6e26\u300d": {"Basic Information": [{"Type": "Ash of War"}, {"FP Cost": "30"}, {"Affinity": "Flame Art"}, {"Item Effect": "Grants affinities and skills to an armament"}, {"Sell Price": "300"}, {"Online Trade": "Yes"}]}}}, {"Ash of War: Blind Spot": {"Basic Information": [{"Type": "Ash of War"}, {"FP Cost": "9"}, {"Affinity": "Keen"}, {"Item Effect": "Grants affinities and skills to an armament"}, {"Sell Price": "300"}, {"Online Trade": "Yes"}]}}, {"Ash of War: Blood Blade": {"\u6226\u7070\u300c\u8840\u306e\u5203\u300d": {"Basic Information": [{"Type": "Ash of War"}, {"Affinity": "Blood"}, {"Item Effect": "Grants affinities and skills to an armament"}, {"Sell Price": "300"}, {"Online Trade": "Yes"}]}}}, {"Ash of War: Blood Tax": {"\u6226\u7070\u300c\u8840\u306e\u5fb4\u53ce\u300d": {"Basic Information": [{"Type": "Ash of War"}, {"Affinity": "Blood"}, {"Item Effect": "Grants affinities and skills to an armament"}, {"Sell Price": "300"}, {"Online Trade": "Yes"}]}}}, {"Ash of War: Bloodhound's Step": {"\u6226\u7070\u300c\u731f\u72ac\u306e\u30b9\u30c6\u30c3\u30d7\u300d": {"Basic Information": [{"Type": "Ash of War"}, {"FP Cost": "5"}, {"Affinity": "Keen"}, {"Item Effect": "Grants affinities and skills to an armament"}, {"Sell Price": "300"}, {"Online Trade": "Yes"}]}}}, {"Ash of War: Bloody Slash": {"\u6226\u7070\u300c\u8840\u306e\u65ac\u6483\u300d": {"Basic Information": [{"Type": "Ash of War"}, {"Affinity": "Blood"}, {"Item Effect": "Grants affinities and skills to an armament"}, {"Sell Price": "300"}, {"Online Trade": "Yes"}]}}}, {"Ash of War: Braggart's Roar": {"\u6226\u7070\u300c\u8a87\u793a\u3059\u308b\u5486\u54ee\u300d": {"Basic Information": [{"Type": "Ash of War"}, {"Affinity": "Heavy"}, {"Item Effect": "Grants affinities and skills to an armament"}, {"Sell Price": "300"}, {"Online Trade": "Yes"}]}}}, {"Ash of War: Carian Greatsword": {"\u6226\u7070\u300c\u30ab\u30fc\u30ea\u30a2\u306e\u5927\u5263\u300d": {"Basic Information": [{"Type": "Ash of War"}, {"Affinity": "Magic"}, {"Item Effect": "Grants affinities and skills to an armament"}, {"Buy Price": "2,500"}, {"Sell Price": "300"}, {"Online Trade": "Yes"}]}}}, {"Ash of War: Carian Grandeur": {"\u6226\u7070\u300c\u30b0\u30ec\u30fc\u30c8\u30fb\u30ab\u30fc\u30ea\u30a2\u300d": {"Basic Information": [{"Type": "Ash of War"}, {"Affinity": "Magic"}, {"Item Effect": "Grants affinities and skills to an armament"}, {"Sell Price": "300"}, {"Online Trade": "Yes"}]}}}, {"Ash of War: Carian Greatsword": {"\u6226\u7070\u300c\u30ab\u30fc\u30ea\u30a2\u306e\u5927\u5263\u300d": {"Basic Information": [{"Type": "Ash of War"}, {"Affinity": "Magic"}, {"Item Effect": "Grants affinities and skills to an armament"}, {"Buy Price": "2,500"}, {"Sell Price": "300"}, {"Online Trade": "Yes"}]}}}, {"Ash of War: Carian Retaliation": {"\u6226\u7070\u300c\u30ab\u30fc\u30ea\u30a2\u306e\u8fd4\u5831\u300d": {"Basic Information": [{"Type": "Ash of War"}, {"Affinity": "Magic"}, {"Item Effect": "Grants affinities and skills to an armament"}, {"Obtained": {"Sold by": "Pidia"}}, {"Sell Price": "300"}, {"Online Trade": "Yes"}]}}}, {"Ash of War: Charge Forth": {"\u6226\u7070\u300c\u7a81\u6483\u300d": {"Basic Information": [{"Type": "Ash of War"}, {"Affinity": "Quality"}, {"Item Effect": "Grants affinities and skills to an armament"}, {"Obtained": {"Teardrop Scarab": {"in": "Liurnia of the Lakes"}}}, {"Sell Price": "300"}, {"Online Trade": "Yes"}]}}}, {"Ash of War: Chilling Mist": {"\u6226\u7070\u300c\u51b7\u6c17\u306e\u9727\u300d": {"Basic Information": [{"Type": "Ash of War"}, {"Affinity": "Cold"}, {"Item Effect": "Grants affinities and skills to an armament"}, {"Sell Price": "300"}, {"Online Trade": "Yes"}]}}}, {"Ash of War: Cragblade": {"\u6226\u7070\u300c\u5ca9\u77f3\u5263\u300d": {"Basic Information": [{"Type": "Ash of War"}, {"Affinity": "Heavy"}, {"Item Effect": "Grants affinities and skills to an armament"}, {"Obtained": {"Dropped by a": "Teardrop Scarab"}}, {"Sell Price": "300"}, {"Online Trade": "Yes"}]}}}, {"Ash of War: Determination": {"\u6226\u7070\u300c\u30c7\u30bf\u30fc\u30df\u30cd\u30fc\u30b7\u30e7\u30f3\u300d": {"Basic Information": [{"Type": "Ash of War"}, {"Affinity": "Quality"}, {"Item Effect": "Grants affinities and skills to an armament"}, {"Sell Price": "300"}, {"Online Trade": "Yes"}]}}}, {"Ash of War: Double Slash": {"\u6226\u7070\u300c\u4e8c\u9023\u65ac\u308a\u300d": {"Basic Information": [{"Type": "Ash of War"}, {"FP Cost": "6+3+3"}, {"Affinity": "Keen"}, {"Item Effect": "Grants affinities and skills to an armament"}, {"Sell Price": "300"}, {"Online Trade": "Yes"}]}}}, {"Ash of War: Earthshaker": {"\u6226\u7070\u300c\u5730\u63fa\u3089\u3057\u300d": {"Basic Information": [{"Type": "Ash of War"}, {"FP Cost": "10 (- 5)"}, {"Affinity": "Heavy"}, {"Item Effect": "Grants affinities and skills to an armament"}, {"Sell Price": "300"}, {"Online Trade": "Yes"}]}}}, {"Ash of War: Enchanted Shot": {"\u6226\u7070\u300c\u5bbf\u3057\u6483\u3061\u300d": {"Basic Information": [{"Type": "Ash of War"}, {"Affinity": "Standard"}, {"Item Effect": "Grants affinities and skills to an armament"}, {"Sell Price": "300"}, {"Online Trade": "Yes"}]}}}, {"Ash of War: Endure": {"\u6226\u7070\u300c\u6211\u6162\u300d": {"Basic Information": [{"Type": "Ash of War"}, {"FP Cost": "9"}, {"Affinity": "Heavy"}, {"Item Effect": "Grants affinities and skills to an armament"}, {"Obtained": "Purchase"}, {"Buy Price": "600"}, {"Sell Price": "300"}, {"Online Trade": "Yes"}]}}}, {"Ash of War: Eruption": {"\u6226\u7070\u300c\u6eb6\u5ca9\u5674\u706b\u300d": {"Basic Information": [{"Type": "Ash of War"}, {"FP Cost": "14"}, {"Affinity": "Fire"}, {"Item Effect": "Grants affinities and skills to an armament"}, {"Obtained": {"Sold by": {"Bernahl": {"at the": "Volcano Manor"}}}}, {"Buy Price": "8,000"}, {"Sell Price": "300"}, {"Online Trade": "Yes"}]}}}, {"Ash of War: Flame of the Redmanes": {"\u6226\u7070\u300c\u8d64\u7345\u5b50\u306e\u708e\u300d": {"Basic Information": [{"Type": "Ash of War"}, {"FP Cost": "14"}, {"Affinity": "Fire"}, {"Item Effect": "Grants affinities and skills to an armament"}, {"Sell Price": "300"}, {"Online Trade": "Yes"}]}}}, {"Ash of War: Flaming Strike": {"\u6226\u7070\u300c\u708e\u6483\u300d": {"Basic Information": [{"Type": "Ash of War"}, {"FP Cost": "4+10"}, {"Affinity": "Fire"}, {"Item Effect": "Grants affinities and skills to an armament"}, {"Obtained": {"Teardrop Scarab": {"south of": "Redmane Castle"}}}, {"Sell Price": "300"}, {"Online Trade": "Yes"}]}}}, {"Ash of War: Giant Hunt": {"\u6226\u7070\u300c\u5de8\u4eba\u72e9\u308a\u300d": {"Basic Information": [{"Type": "Ash of War"}, {"FP Cost": "16"}, {"Affinity": "Quality"}, {"Item Effect": "Grants affinities and skills to an armament"}, {"Obtained": {"Dropped by a": "Night's Cavalry"}}, {"Sell Price": "300"}, {"Online Trade": "Yes"}]}}}, {"Ash of War: Glintblade Phalanx": {"\u6226\u7070\u300c\u8f1d\u5263\u306e\u5186\u9663\u300d": {"Basic Information": [{"Type": "Ash of War"}, {"Affinity": "Magic"}, {"Item Effect": "Grants affinities and skills to an armament"}, {"Sell Price": "300"}, {"Online Trade": "Yes"}]}}}, {"Ash of War: Glintstone Pebble": {"\u6226\u7070\u300c\u8f1d\u77f3\u306e\u3064\u3076\u3066\u300d": {"Basic Information": [{"Type": "Ash of War"}, {"Affinity": "Magic"}, {"Item Effect": "Grants affinities and skills to an armament"}, {"Obtained": "Purchase"}, {"Buy Price": "1500"}, {"Sell Price": "300"}, {"Online Trade": "Yes"}]}}}, {"Ash of War: Glintblade Phalanx": {"\u6226\u7070\u300c\u8f1d\u5263\u306e\u5186\u9663\u300d": {"Basic Information": [{"Type": "Ash of War"}, {"Affinity": "Magic"}, {"Item Effect": "Grants affinities and skills to an armament"}, {"Sell Price": "300"}, {"Online Trade": "Yes"}]}}}, {"Ash of War: Golden Land": {"\u6226\u7070\u300c\u9ec4\u91d1\u306e\u5730\u300d": {"Basic Information": [{"Type": "Ash of War"}, {"Affinity": "Sacred"}, {"Item Effect": "Grants affinities and skills to an armament"}, {"Sell Price": "300"}, {"Online Trade": "Yes"}]}}}, {"Ash of War: Golden Parry": {"\u6226\u7070\u300c\u9ec4\u91d1\u30d1\u30ea\u30a3\u300d": {"Basic Information": [{"Type": "Ash of War"}, {"FP Cost": "4"}, {"Affinity": "Sacred"}, {"Item Effect": "Grants affinities and skills to an armament"}, {"Obtained": {"Teardrop Scarab": {"northeast in the": "Capital Outskirts"}}}, {"Sell Price": "300"}, {"Online Trade": "Yes"}]}}}, {"Ash of War: Golden Slam": {"\u6226\u7070\u300c\u9ec4\u91d1\u306e\u5c3b\u6483\u300d": {"Basic Information": [{"Type": "Ash of War"}, {"Affinity": "Sacred"}, {"Item Effect": "Grants affinities and skills to an armament"}, {"Sell Price": "300"}, {"Online Trade": "Yes"}]}}}, {"Ash of War: Golden Vow": {"\u6226\u7070\u300c\u9ec4\u91d1\u6a39\u306b\u8a93\u3063\u3066\u300d": {"Basic Information": [{"Type": "Ash of War"}, {"FP Cost": "40"}, {"Affinity": "Sacred"}, {"Item Effect": "Grants affinities and skills to an armament"}, {"Sell Price": "300"}, {"Online Trade": "Yes"}]}}}, {"Ash of War: Gravitas": {"\u6226\u7070\u300c\u30b0\u30e9\u30d3\u30bf\u30b9\u300d": {"Basic Information": [{"Type": "Ash of War"}, {"Affinity": "Magic"}, {"Item Effect": "Grants affinities and skills to an armament"}, {"Sell Price": "300"}, {"Online Trade": "Yes"}]}}}, {"Ash of War: Ground Slam": {"\u6226\u7070\u300c\u30d2\u30c3\u30d7\u30c9\u30ed\u30c3\u30d7\u300d": {"Basic Information": [{"Type": "Ash of War"}, {"FP Cost": "14"}, {"Affinity": "Heavy"}, {"Item Effect": "Grants affinities and skills to an armament"}, {"Obtained": {"Dropped by a": "Teardrop Scarab"}}, {"Sell Price": "300"}, {"Online Trade": "Yes"}]}}}, {"Ash of War: Hoarah Loux's Earthshaker": {"\u6226\u7070\u300c\u30db\u30fc\u30e9\u306e\u5730\u63fa\u3089\u3057\u300d": {"Basic Information": [{"Type": "Ash of War"}, {"FP Cost": "16 ( - 16 )"}, {"Affinity": "Heavy"}, {"Item Effect": "Grants affinities and skills to an armament"}, {"Sell Price": "300"}, {"Online Trade": "Yes"}]}}}, {"Ash of War: Hoarfrost Stomp": {"\u6226\u7070\u300c\u971c\u8e0f\u307f\u300d": {"Basic Information": [{"Type": "Ash of War"}, {"Affinity": "Cold"}, {"Item Effect": "Grants affinities and skills to an armament"}, {"Sell Price": "300"}, {"Online Trade": "Yes"}]}}}, {"Ash of War: Holy Ground": {"\u6226\u7070\u300c\u8056\u57df\u300d": {"Basic Information": [{"Type": "Ash of War"}, {"Affinity": "Sacred"}, {"Item Effect": "Grants affinities and skills to an armament"}, {"Sell Price": "300"}, {"Online Trade": "Yes"}]}}}, {"Ash of War: Ice Spear": {"\u6226\u7070\u300c\u6c37\u69cd\u300d": {"Basic Information": [{"Type": "Ash of War"}, {"Affinity": "Cold"}, {"Item Effect": "Grants affinities and skills to an armament"}, {"Sell Price": "300"}, {"Online Trade": "Yes"}]}}}, {"Ash of War: Impaling Thrust": {"\u6226\u7070\u300c\u8cab\u901a\u7a81\u304d\u300d": {"Basic Information": [{"Type": "Ash of War"}, {"FP Cost": "9"}, {"Affinity": "Keen"}, {"Item Effect": "Grants affinities and skills to an armament"}, {"Obtained": "Purchase"}, {"Buy Price": "1,000"}, {"Sell Price": "300"}, {"Online Trade": "Yes"}]}}}, {"Ash of War: Kick": {"\u6226\u7070\u300c\u5d50\u811a\u300d": {"Basic Information": [{"Type": "Ash of War"}, {"Affinity": "Heavy"}, {"Item Effect": "Grants affinities and skills to an armament"}, {"Obtained": "Purchase"}, {"Buy Price": "800"}, {"Sell Price": "300"}, {"Online Trade": "Yes"}]}}}, {"Ash of War: Lifesteal Fist": {"\u6226\u7070\u300c\u547d\u596a\u62f3\u300d": {"Basic Information": [{"Type": "Ash of War"}, {"Affinity": "Occult"}, {"Item Effect": "Grants affinities and skills to an armament"}, {"Sell Price": "300"}, {"Online Trade": "Yes"}]}}}, {"Ash of War: Lightning Ram": {"Basic Information": [{"Type": "Ash of War"}, {"FP Cost": "5+5"}, {"Affinity": "Lightning"}, {"Item Effect": "Grants affinities and skills to an armament"}, {"Obtained": {"Teardrop Scarab": {"in": "Altus Plateau"}}}, {"Sell Price": "300"}, {"Online Trade": "Yes"}]}}, {"Ash of War: Lightning Slash": {"\u6226\u7070\u300c\u96f7\u6483\u65ac\u300d": {"Basic Information": [{"Type": "Ash of War"}, {"FP Cost": "10"}, {"Affinity": "Lightning"}, {"Item Effect": "Grants affinities and skills to an armament"}, {"Obtained": {"Teardrop Scarab": {"in": "Altus Plateau"}}}, {"Sell Price": "300"}, {"Online Trade": "Yes"}]}}}]