[{"Achilles": [{"General Information": [{"Title": "Forgotten Hero"}, {"Affiliation": "House of Hades"}, {"Keepsake": "Myrmidon Bracer"}]}, {"Relationships": [{"Family": {"Thetis (Mother)": "Peleus (Father)"}}, {"Relations": {"Patroclus": [{"Chiron": "(Former Mentor)"}, {"Athena": "(Former Patron)"}, {"Zagreus": "(Pupil)"}, {"Hades": "(Boss)"}, {"Megaera": "(Colleague)"}, {"Dusa": "(Colleague)"}, {"Hypnos": "(Colleague)"}, {"Artemis": "(Fan)"}]}}]}, {"Behind the Scenes": {"Voice": "Logan Cunningham"}}]}, {"Dionysus": [{"General Information": [{"Title": "God of Wine"}, {"Type": {"Olympian God": {"(Currently)": {"Demigod": "(Formerly)"}}}}, {"Affiliation": "Mount Olympus"}, {"Keepsake": "Overflowing Cup"}, {"Status Curse": "Hangover"}]}, {"Relationships": [{"Family Tree": "Olympian Family Tree"}, {"Family": {"Zeus": {"Semele (Mother)": [{"Hera": "(Step-Mother)"}, {"Athena": "(Older Half-Sister)"}, {"Ares": "(Older Half-Brother)"}, {"Artemis": "(Older Half-Sister)"}, {"Apollo": "(Older Half-Brother)"}, {"Hephaestus": "(Older Half-Brother)"}, {"Heracles": "(Older Half-Brother)"}, {"Hermes": "(Older Half-Brother)"}, {"Chronos": "(Paternal Grandfather)"}, {"R": {"h": {"e": {"a": {" ": {"(": {"P": {"a": {"t": {"e": {"r": {"n": {"a": {"l": {" ": {"G": {"r": {"a": {"n": {"d": {"m": {"o": {"t": {"h": {"e": {"r": ")"}}}}}}}}}}}}}}}}}}}}}}}}}}, {"Hades": "(Paternal Uncle)"}, {"Poseidon": "(Paternal Uncle)"}, {"Hestia": "(Foster Aunt)"}, {"Demeter": "(Foster Aunt)"}, {"Persephone": "(Foster Cousin)"}, {"Zagreus": "(Paternal Cousin)"}, {"Melino\u00eb": "(Paternal Cousin)"}]}}}, {"Relations": {"Ariadne": "(Acquaintance)"}}]}, {"Behind the Scenes": {"Voice": "Cyrus Nemati"}}]}, {"Alecto": [{"General Information": [{"Title": "Tormentor of Passions"}, {"Type": "Chthonic Goddess"}, {"Affiliation": "House of Hades"}]}, {"Relationships": [{"Family": {"Megaera": {"Tisiphone": "(Older Sister)"}}}, {"Relations": {"Hades": [{"Nyx": "(Boss)"}, {"Thanatos": "(Colleague)"}, {"Hypnos": "(Colleague)"}]}}]}, {"Behind the Scenes": {"Voice": "Marin Miller"}}]}, {"Megaera": {"General Information": [{"Location": "Tartarus"}, {"Combat Style": "Various"}, {"Health": "4400 (Standard) 4800 (Extreme Measures 1)"}, {"Base Damage": "Varies"}]}}, {"Anchor": {"General Information": [{"Location": "Rift of Thessaly"}, {"Combat Style": "Mid-range melee"}, {"Health": "730"}, {"Armor": "660"}]}}, {"Aphrodite": [{"Hades": "Hades II"}, {"General Information": [{"Title": "Goddess of Love"}, {"Type": "Olympian Goddess"}, {"Affiliation": "Mount Olympus"}, {"Keepsake I": "Eternal Rose"}, {"Keepsake II": "Beautiful Mirror"}, {"Status Curse I": "Weak"}, {"Status Curse II": "Weak"}]}, {"Relationships": [{"Family": {"Hephaestus": [{"Zeus": "(Father-in-Law)"}, {"Hera": "(Mother-in-Law)"}, {"Ares": "(Brother-in-Law)"}, {"Hades": "(Uncle-in-Law)"}, {"Poseidon": "(Uncle-in-Law)"}, {"Hestia": "(Aunt-in-Law)"}, {"Demeter": "(Aunt-in-Law)"}, {"Helios": "(Uncle-in-Law)"}, {"Selene": "(Aunt-in-Law)"}, {"Eos": "(Aunt-in-Law)"}]}}, {"Relations": {"Ares (Lover)": {"Charon": "(Crush)"}}}]}, {"Behind the Scenes": {"Voice": "Courtney Vineys"}}]}, {"Aphrodite": [{"Hades": "Hades II"}, {"General Information": [{"Title": "Goddess of Love"}, {"Type": "Olympian Goddess"}, {"Affiliation": "Mount Olympus"}, {"Keepsake I": "Eternal Rose"}, {"Keepsake II": "Beautiful Mirror"}, {"Status Curse I": "Weak"}, {"Status Curse II": "Weak"}]}, {"Relationships": [{"Family": {"Hephaestus": [{"Zeus": "(Father-in-Law)"}, {"Hera": "(Mother-in-Law)"}, {"Ares": "(Brother-in-Law)"}, {"Hades": "(Uncle-in-Law)"}, {"Poseidon": "(Uncle-in-Law)"}, {"Hestia": "(Aunt-in-Law)"}, {"Demeter": "(Aunt-in-Law)"}, {"Helios": "(Uncle-in-Law)"}, {"Selene": "(Aunt-in-Law)"}, {"Eos": "(Aunt-in-Law)"}]}}, {"Relations": {"Ares (Lover)": {"Charon": "(Crush)"}}}]}, {"Behind the Scenes": {"Voice": "Courtney Vineys"}}]}, {"Apollo": [{"General Information": [{"Title": "God of Light"}, {"Type": "Olympian God"}, {"Affiliation": "Mount Olympus"}, {"Keepsake": "Purest Hope"}, {"Status Curse": "Daze"}]}, {"Relationships": [{"Family Tree": "Olympian Family Tree"}, {"Family": {"Zeus": {"Leto (Mother)": [{"Hera": "(Step-Mother)"}, {"Artemis": "(Older Twin Sister)"}, {"Athena": "(Older Half-Sister)"}, {"Ares": "(Older Half-Brother)"}, {"Hephaestus": "(Younger Half-Brother)"}, {"Heracles": "(Younger Half-Brother)"}, {"Hermes": "(Younger Half-Brother)"}, {"Dionysus": "(Younger Half-Brother)"}, {"Chronos": "(Paternal Grandfather)"}, {"R": {"h": {"e": {"a": {" ": {"(": {"P": {"a": {"t": {"e": {"r": {"n": {"a": {"l": {" ": {"G": {"r": {"a": {"n": {"d": {"m": {"o": {"t": {"h": {"e": {"r": ")"}}}}}}}}}}}}}}}}}}}}}}}}}}, {"A": {"s": {"t": {"e": {"r": {"i": {"a": {" ": {"(": {"M": {"a": {"t": {"e": {"r": {"n": {"a": {"l": {" ": {"A": {"u": {"n": {"t": ")"}}}}}}}}}}}}}}}}}}}}}}, {"L": {"e": {"l": {"a": {"n": {"t": {"u": {"s": {" ": {"(": {"M": {"a": {"t": {"e": {"r": {"n": {"a": {"l": {" ": {"U": {"n": {"c": {"l": {"e": ")"}}}}}}}}}}}}}}}}}}}}}}}}, {"A": {"u": {"p": {"h": {"o": {"t": {"o": {"l": {"u": {"s": {" ": {"(": {"M": {"a": {"t": {"e": {"r": {"n": {"a": {"l": {" ": {"U": {"n": {"c": {"l": {"e": ")"}}}}}}}}}}}}}}}}}}}}}}}}}}, {"Hades": "(Paternal Uncle)"}, {"Poseidon": "(Paternal Uncle)"}, {"Hestia": "(Foster Aunt)"}, {"Demeter": "(Foster Aunt)"}, {"Hecate": "(Maternal Cousin)"}, {"Persephone": "(Foster Cousin)"}, {"Zagreus": "(Paternal Cousin)"}, {"Melino\u00eb": "(Paternal Cousin)"}]}}}, {"Relations": {"Orpheus": "(Former Pupil)"}}]}, {"Behind the Scenes": {"Voice": "Colin Ryan"}}]}, {"Arachne": [{"General Information": [{"Title": "Silk Weaver"}, {"Keepsake": "Silken Sash"}]}, {"Relationships": [{"Family": "Idmon (Father)"}, {"Relations": {"Athena": {"Melino\u00eb": "(Customer/Friend)"}}}]}, {"Behind the Scenes": {"Voice": "Shelby Young"}}]}, {"Demeter": [{"Hades I": "Hades II"}, {"General Information": [{"Title": "Goddess of Seasons"}, {"Type": "Olympian Goddess"}, {"Affiliation": "Mount Olympus"}, {"Keepsake I": "Frostbitten Horn"}, {"Keepsake II": "Barley Sheaf"}, {"Status Curse I": "Chill"}, {"Status Curse II": "Freeze Cyclone"}]}, {"Relationships": [{"Family Tree": "Olympian Family Tree"}, {"Family": {"Hyperion": [{"Theia": "(Mother)"}, {"Persephone": "(Daughter)"}, {"Zagreus": "(Grandson)"}, {"Melino\u00eb": "(Granddaughter)"}, {"Hestia": "(Older Sister)"}, {"Hera": "(Younger Sister)"}, {"Helios": "(Younger Brother)"}, {"Selene": "(Younger Sister)"}, {"Eos": "(Younger Sister)"}, {"Hades": "(Foster Brother/Son-in-Law)"}, {"Poseidon": "(Foster Brother)"}, {"Zeus": "(Foster Brother/Brother-in-Law)"}, {"Ares": "(Nephew)"}, {"Hephaestus": "(Nephew)"}, {"Athena": "(Foster Niece)"}, {"Artemis": "(Foster Niece)"}, {"Apollo": "(Foster Nephew)"}, {"Heracles": "(Foster Nephew)"}, {"Hermes": "(Foster Nephew)"}, {"Dionysus": "(Foster Nephew)"}, {"Aphrodite": "(Niece-in-Law)"}]}}, {"Relations": {"Mortal Farmboy": "(Lover) \u2020"}}]}, {"Behind the Scenes": {"Voice": "Laila Berzins"}}]}, {"Ares": [{"General Information": [{"Title": "God of War"}, {"Type": "Olympian God"}, {"Affiliation": "Mount Olympus"}, {"Keepsake": "Blood-Filled Vial"}, {"Status Curse": "Doom"}]}, {"Relationships": [{"Family Tree": "Olympian Family Tree"}, {"Family": {"Zeus": [{"Hera": "(Mother)"}, {"Hephaestus": "(Younger Brother)"}, {"Athena": "(Older Half-Sister)"}, {"Artemis": "(Younger Half-Sister)"}, {"Apollo": "(Younger Half-Brother)"}, {"Heracles": "(Younger Half-Brother)"}, {"Hermes": "(Younger Half-Brother)"}, {"Dionysus": "(Younger Half-Brother)"}, {"Chronos": "(Paternal Grandfather)"}, {"R": {"h": {"e": {"a": {" ": {"(": {"P": {"a": {"t": {"e": {"r": {"n": {"a": {"l": {" ": {"G": {"r": {"a": {"n": {"d": {"m": {"o": {"t": {"h": {"e": {"r": ")"}}}}}}}}}}}}}}}}}}}}}}}}}}, {"Hyperion": "(Maternal Grandfather)"}, {"Theia": "(Maternal Grandmother)"}, {"Hades": "(Paternal Uncle)"}, {"Poseidon": "(Paternal Uncle)"}, {"Hestia": "(Maternal Aunt)"}, {"Demeter": "(Maternal Aunt)"}, {"Helios": "(Maternal Uncle)"}, {"Selene": "(Maternal Aunt)"}, {"Eos": "(Maternal Aunt)"}, {"Persephone": "(Maternal Cousin)"}, {"Zagreus": "(Paternal Cousin)"}, {"Melino\u00eb": "(Paternal Cousin)"}]}}, {"Relations": {"Aphrodite": [{"Eris": "(War Companion/Close Friend)"}, {"Thanatos": "(Close Associate)"}]}}]}, {"Behind the Scenes": {"Voice": "Cyrus Nemati"}}]}, {"Ares": [{"General Information": [{"Title": "God of War"}, {"Type": "Olympian God"}, {"Affiliation": "Mount Olympus"}, {"Keepsake": "Blood-Filled Vial"}, {"Status Curse": "Doom"}]}, {"Relationships": [{"Family Tree": "Olympian Family Tree"}, {"Family": {"Zeus": [{"Hera": "(Mother)"}, {"Hephaestus": "(Younger Brother)"}, {"Athena": "(Older Half-Sister)"}, {"Artemis": "(Younger Half-Sister)"}, {"Apollo": "(Younger Half-Brother)"}, {"Heracles": "(Younger Half-Brother)"}, {"Hermes": "(Younger Half-Brother)"}, {"Dionysus": "(Younger Half-Brother)"}, {"Chronos": "(Paternal Grandfather)"}, {"R": {"h": {"e": {"a": {" ": {"(": {"P": {"a": {"t": {"e": {"r": {"n": {"a": {"l": {" ": {"G": {"r": {"a": {"n": {"d": {"m": {"o": {"t": {"h": {"e": {"r": ")"}}}}}}}}}}}}}}}}}}}}}}}}}}, {"Hyperion": "(Maternal Grandfather)"}, {"Theia": "(Maternal Grandmother)"}, {"Hades": "(Paternal Uncle)"}, {"Poseidon": "(Paternal Uncle)"}, {"Hestia": "(Maternal Aunt)"}, {"Demeter": "(Maternal Aunt)"}, {"Helios": "(Maternal Uncle)"}, {"Selene": "(Maternal Aunt)"}, {"Eos": "(Maternal Aunt)"}, {"Persephone": "(Maternal Cousin)"}, {"Zagreus": "(Paternal Cousin)"}, {"Melino\u00eb": "(Paternal Cousin)"}]}}, {"Relations": {"Aphrodite": [{"Eris": "(War Companion/Close Friend)"}, {"Thanatos": "(Close Associate)"}]}}]}, {"Behind the Scenes": {"Voice": "Cyrus Nemati"}}]}, {"Artemis": [{"Hades": "Hades II"}, {"General Information": [{"Title": "Goddess of the Hunt"}, {"Type": "Olympian Goddess"}, {"Affiliation": {"Mount Olympus": "Silver Sisters"}}, {"Keepsake I": "Adamant Arrowhead"}, {"Keepsake II": "White Antler"}, {"Status Curse I": "Marked"}, {"Status Curse II": "Marked"}]}, {"Relationships": [{"Family Tree": "Olympian Family Tree"}, {"Family": {"Zeus": {"Leto (Mother)": [{"Hera": "(Step-Mother)"}, {"Apollo": "(Younger Twin Brother)"}, {"Athena": "(Older Half-Sister)"}, {"Ares": "(Older Half-Brother)"}, {"Hephaestus": "(Younger Half-Brother)"}, {"Heracles": "(Younger Half-Brother)"}, {"Hermes": "(Younger Half-Brother)"}, {"Dionysus": "(Younger Half-Brother)"}, {"Chronos": "(Paternal Grandfather)"}, {"R": {"h": {"e": {"a": {" ": {"(": {"P": {"a": {"t": {"e": {"r": {"n": {"a": {"l": {" ": {"G": {"r": {"a": {"n": {"d": {"m": {"o": {"t": {"h": {"e": {"r": ")"}}}}}}}}}}}}}}}}}}}}}}}}}}, {"A": {"s": {"t": {"e": {"r": {"i": {"a": {" ": {"(": {"M": {"a": {"t": {"e": {"r": {"n": {"a": {"l": {" ": {"A": {"u": {"n": {"t": ")"}}}}}}}}}}}}}}}}}}}}}}, {"L": {"e": {"l": {"a": {"n": {"t": {"u": {"s": {" ": {"(": {"M": {"a": {"t": {"e": {"r": {"n": {"a": {"l": {" ": {"U": {"n": {"c": {"l": {"e": ")"}}}}}}}}}}}}}}}}}}}}}}}}, {"A": {"u": {"p": {"h": {"o": {"t": {"o": {"l": {"u": {"s": {" ": {"(": {"M": {"a": {"t": {"e": {"r": {"n": {"a": {"l": {" ": {"U": {"n": {"c": {"l": {"e": ")"}}}}}}}}}}}}}}}}}}}}}}}}}}, {"Hades": "(Paternal Uncle)"}, {"Poseidon": "(Paternal Uncle)"}, {"Hestia": "(Foster Aunt)"}, {"Demeter": "(Foster Aunt)"}, {"Hecate": "(Maternal Cousin)"}, {"Persephone": "(Foster Cousin)"}, {"Zagreus": "(Paternal Cousin)"}, {"Melino\u00eb": "(Paternal Cousin)"}]}}}, {"Relations": {"Callisto": "(Hunting Partner)"}}]}, {"Behind the Scenes": {"Voice": "Jamie Landrum"}}]}, {"Artemis": [{"Hades": "Hades II"}, {"General Information": [{"Title": "Goddess of the Hunt"}, {"Type": "Olympian Goddess"}, {"Affiliation": {"Mount Olympus": "Silver Sisters"}}, {"Keepsake I": "Adamant Arrowhead"}, {"Keepsake II": "White Antler"}, {"Status Curse I": "Marked"}, {"Status Curse II": "Marked"}]}, {"Relationships": [{"Family Tree": "Olympian Family Tree"}, {"Family": {"Zeus": {"Leto (Mother)": [{"Hera": "(Step-Mother)"}, {"Apollo": "(Younger Twin Brother)"}, {"Athena": "(Older Half-Sister)"}, {"Ares": "(Older Half-Brother)"}, {"Hephaestus": "(Younger Half-Brother)"}, {"Heracles": "(Younger Half-Brother)"}, {"Hermes": "(Younger Half-Brother)"}, {"Dionysus": "(Younger Half-Brother)"}, {"Chronos": "(Paternal Grandfather)"}, {"R": {"h": {"e": {"a": {" ": {"(": {"P": {"a": {"t": {"e": {"r": {"n": {"a": {"l": {" ": {"G": {"r": {"a": {"n": {"d": {"m": {"o": {"t": {"h": {"e": {"r": ")"}}}}}}}}}}}}}}}}}}}}}}}}}}, {"A": {"s": {"t": {"e": {"r": {"i": {"a": {" ": {"(": {"M": {"a": {"t": {"e": {"r": {"n": {"a": {"l": {" ": {"A": {"u": {"n": {"t": ")"}}}}}}}}}}}}}}}}}}}}}}, {"L": {"e": {"l": {"a": {"n": {"t": {"u": {"s": {" ": {"(": {"M": {"a": {"t": {"e": {"r": {"n": {"a": {"l": {" ": {"U": {"n": {"c": {"l": {"e": ")"}}}}}}}}}}}}}}}}}}}}}}}}, {"A": {"u": {"p": {"h": {"o": {"t": {"o": {"l": {"u": {"s": {" ": {"(": {"M": {"a": {"t": {"e": {"r": {"n": {"a": {"l": {" ": {"U": {"n": {"c": {"l": {"e": ")"}}}}}}}}}}}}}}}}}}}}}}}}}}, {"Hades": "(Paternal Uncle)"}, {"Poseidon": "(Paternal Uncle)"}, {"Hestia": "(Foster Aunt)"}, {"Demeter": "(Foster Aunt)"}, {"Hecate": "(Maternal Cousin)"}, {"Persephone": "(Foster Cousin)"}, {"Zagreus": "(Paternal Cousin)"}, {"Melino\u00eb": "(Paternal Cousin)"}]}}}, {"Relations": {"Callisto": "(Hunting Partner)"}}]}, {"Behind the Scenes": {"Voice": "Jamie Landrum"}}]}, {"Asterius": [{"Default": "Extreme Measures"}, {"General Information": [{"Title": "Bull of Minos"}, {"Type": "Shade"}, {"Affiliation": "House of Hades"}]}, {"Relationships": [{"Family": {"Cretan Bull (Father)": {"Pasipha\u00eb (Mother)": [{"Minos": "(Step-Father)"}, {"Ariadne": "(Younger Half-Sister)"}, {"Helios": "(Grandfather)"}, {"Circe": "(Aunt)"}, {"Zagreus": "(Second Cousin)"}, {"Melino\u00eb": "(Second Cousin)"}]}}}, {"Relations": {"Theseus": [{"Hades": "(Boss)"}, {"Hypnos": "(Fan)"}]}}]}, {"Behind the Scenes": {"Voice": "Logan Cunningham"}}]}, {"The Minotaur": {"General Information": [{"Location": "Elysium"}, {"Combat Style": "Various"}, {"Health": "14,000 (Standard) 16,000 (Extreme Measures 3)"}, {"Base Damage": "Varies"}]}}, {"Athena": [{"General Information": [{"Title": "Goddess of Wisdom"}, {"Type": "Olympian Goddess"}, {"Affiliation": "Mount Olympus"}, {"Keepsake": "Owl Pendant"}, {"Status Curse": "Exposed"}]}, {"Relationships": [{"Family Tree": "Olympian Family Tree"}, {"Family": {"Zeus": {"Metis (Mother)": [{"Hera": "(Step-Mother)"}, {"Ares": "(Younger Half-Brother)"}, {"Artemis": "(Younger Half-Sister)"}, {"Apollo": "(Younger Half-Brother)"}, {"Hephaestus": "(Younger Half-Brother)"}, {"Heracles": "(Younger Half-Brother)"}, {"Hermes": "(Younger Half-Brother)"}, {"Dionysus": "(Younger Half-Brother)"}, {"Chronos": "(Paternal Grandfather)"}, {"R": {"h": {"e": {"a": {" ": {"(": {"P": {"a": {"t": {"e": {"r": {"n": {"a": {"l": {" ": {"G": {"r": {"a": {"n": {"d": {"m": {"o": {"t": {"h": {"e": {"r": ")"}}}}}}}}}}}}}}}}}}}}}}}}}}, {"Hades": "(Paternal Uncle)"}, {"Poseidon": "(Paternal Uncle)"}, {"Hestia": "(Foster Aunt)"}, {"Demeter": "(Foster Aunt)"}, {"Persephone": "(Foster Cousin)"}, {"Zagreus": "(Paternal Cousin)"}, {"Melino\u00eb": "(Paternal Cousin)"}]}}}, {"Relations": {"Achilles": [{"Arachne": "(Rival)"}, {"Dusa": "(Possible Relationship)"}, {"Odysseus": "(Beneficiary)"}]}}]}, {"Behind the Scenes": {"Voice": "Marin Miller"}}]}, {"Athena": [{"General Information": [{"Title": "Goddess of Wisdom"}, {"Type": "Olympian Goddess"}, {"Affiliation": "Mount Olympus"}, {"Keepsake": "Owl Pendant"}, {"Status Curse": "Exposed"}]}, {"Relationships": [{"Family Tree": "Olympian Family Tree"}, {"Family": {"Zeus": {"Metis (Mother)": [{"Hera": "(Step-Mother)"}, {"Ares": "(Younger Half-Brother)"}, {"Artemis": "(Younger Half-Sister)"}, {"Apollo": "(Younger Half-Brother)"}, {"Hephaestus": "(Younger Half-Brother)"}, {"Heracles": "(Younger Half-Brother)"}, {"Hermes": "(Younger Half-Brother)"}, {"Dionysus": "(Younger Half-Brother)"}, {"Chronos": "(Paternal Grandfather)"}, {"R": {"h": {"e": {"a": {" ": {"(": {"P": {"a": {"t": {"e": {"r": {"n": {"a": {"l": {" ": {"G": {"r": {"a": {"n": {"d": {"m": {"o": {"t": {"h": {"e": {"r": ")"}}}}}}}}}}}}}}}}}}}}}}}}}}, {"Hades": "(Paternal Uncle)"}, {"Poseidon": "(Paternal Uncle)"}, {"Hestia": "(Foster Aunt)"}, {"Demeter": "(Foster Aunt)"}, {"Persephone": "(Foster Cousin)"}, {"Zagreus": "(Paternal Cousin)"}, {"Melino\u00eb": "(Paternal Cousin)"}]}}}, {"Relations": {"Achilles": [{"Arachne": "(Rival)"}, {"Dusa": "(Possible Relationship)"}, {"Odysseus": "(Beneficiary)"}]}}]}, {"Behind the Scenes": {"Voice": "Marin Miller"}}]}, {"The Fates": [{"General Information": [{"Type": "Chthonic Goddesses"}, {"Affiliation": {"Themselves": "Children of Nyx"}}]}, {"Relationships": [{"Family Tree": "Chthonic Family Tree"}, {"Family": {"Nyx": [{"Charon": "(Younger Brother)"}, {"Moros": "(Younger Brother)"}, {"Nemesis": "(Younger Sister)"}, {"Thanatos": "(Younger Brother)"}, {"Hypnos": "(Younger Brother)"}, {"Eris": "(Younger Sister)"}, {"Chaos": "(Grandparent)"}]}}]}]}, {"Dionysus": [{"General Information": [{"Title": "God of Wine"}, {"Type": {"Olympian God": {"(Currently)": {"Demigod": "(Formerly)"}}}}, {"Affiliation": "Mount Olympus"}, {"Keepsake": "Overflowing Cup"}, {"Status Curse": "Hangover"}]}, {"Relationships": [{"Family Tree": "Olympian Family Tree"}, {"Family": {"Zeus": {"Semele (Mother)": [{"Hera": "(Step-Mother)"}, {"Athena": "(Older Half-Sister)"}, {"Ares": "(Older Half-Brother)"}, {"Artemis": "(Older Half-Sister)"}, {"Apollo": "(Older Half-Brother)"}, {"Hephaestus": "(Older Half-Brother)"}, {"Heracles": "(Older Half-Brother)"}, {"Hermes": "(Older Half-Brother)"}, {"Chronos": "(Paternal Grandfather)"}, {"R": {"h": {"e": {"a": {" ": {"(": {"P": {"a": {"t": {"e": {"r": {"n": {"a": {"l": {" ": {"G": {"r": {"a": {"n": {"d": {"m": {"o": {"t": {"h": {"e": {"r": ")"}}}}}}}}}}}}}}}}}}}}}}}}}}, {"Hades": "(Paternal Uncle)"}, {"Poseidon": "(Paternal Uncle)"}, {"Hestia": "(Foster Aunt)"}, {"Demeter": "(Foster Aunt)"}, {"Persephone": "(Foster Cousin)"}, {"Zagreus": "(Paternal Cousin)"}, {"Melino\u00eb": "(Paternal Cousin)"}]}}}, {"Relations": {"Ariadne": "(Acquaintance)"}}]}, {"Behind the Scenes": {"Voice": "Cyrus Nemati"}}]}, {"Hermes": [{"Hades": "Hades II"}, {"General Information": [{"Title": "God of Swiftness"}, {"Type": "Olympian God"}, {"Affiliation": "Mount Olympus"}, {"Keepsake I": "Lambent Plume"}, {"Keepsake II": "Metallic Droplet"}]}, {"Relationships": [{"Family Tree": "Olympian Family Tree"}, {"Family": {"Zeus": {"Maia (Mother)": [{"Hera": "(Step-Mother)"}, {"Athena": "(Older Half-Sister)"}, {"Ares": "(Older Half-Brother)"}, {"Artemis": "(Older Half-Sister)"}, {"Apollo": "(Older Half-Brother)"}, {"Hephaestus": "(Older Half-Brother)"}, {"Heracles": "(Older Half-Brother)"}, {"Dionysus": "(Younger Half-Brother)"}, {"Chronos": "(Paternal Grandfather)"}, {"R": {"h": {"e": {"a": {" ": {"(": {"P": {"a": {"t": {"e": {"r": {"n": {"a": {"l": {" ": {"G": {"r": {"a": {"n": {"d": {"m": {"o": {"t": {"h": {"e": {"r": ")"}}}}}}}}}}}}}}}}}}}}}}}}}}, {"Hades": "(Paternal Uncle)"}, {"Poseidon": "(Paternal Uncle)"}, {"Hestia": "(Foster Aunt)"}, {"Demeter": "(Foster Aunt)"}, {"Persephone": "(Foster Cousin)"}, {"Zagreus": "(Paternal Cousin)"}, {"Melino\u00eb": "(Paternal Cousin)"}]}}}, {"Relations": {"Charon": [{"Chellen": "(Animal Companion)"}, {"Thanatos": "(Fellow Psychopomp)"}, {"Skelly": "(\"Peer Relationship\")"}]}}]}, {"Behind the Scenes": {"Voice": "Andrew Marks"}}]}, {"Ares": [{"General Information": [{"Title": "God of War"}, {"Type": "Olympian God"}, {"Affiliation": "Mount Olympus"}, {"Keepsake": "Blood-Filled Vial"}, {"Status Curse": "Doom"}]}, {"Relationships": [{"Family Tree": "Olympian Family Tree"}, {"Family": {"Zeus": [{"Hera": "(Mother)"}, {"Hephaestus": "(Younger Brother)"}, {"Athena": "(Older Half-Sister)"}, {"Artemis": "(Younger Half-Sister)"}, {"Apollo": "(Younger Half-Brother)"}, {"Heracles": "(Younger Half-Brother)"}, {"Hermes": "(Younger Half-Brother)"}, {"Dionysus": "(Younger Half-Brother)"}, {"Chronos": "(Paternal Grandfather)"}, {"R": {"h": {"e": {"a": {" ": {"(": {"P": {"a": {"t": {"e": {"r": {"n": {"a": {"l": {" ": {"G": {"r": {"a": {"n": {"d": {"m": {"o": {"t": {"h": {"e": {"r": ")"}}}}}}}}}}}}}}}}}}}}}}}}}}, {"Hyperion": "(Maternal Grandfather)"}, {"Theia": "(Maternal Grandmother)"}, {"Hades": "(Paternal Uncle)"}, {"Poseidon": "(Paternal Uncle)"}, {"Hestia": "(Maternal Aunt)"}, {"Demeter": "(Maternal Aunt)"}, {"Helios": "(Maternal Uncle)"}, {"Selene": "(Maternal Aunt)"}, {"Eos": "(Maternal Aunt)"}, {"Persephone": "(Maternal Cousin)"}, {"Zagreus": "(Paternal Cousin)"}, {"Melino\u00eb": "(Paternal Cousin)"}]}}, {"Relations": {"Aphrodite": [{"Eris": "(War Companion/Close Friend)"}, {"Thanatos": "(Close Associate)"}]}}]}, {"Behind the Scenes": {"Voice": "Cyrus Nemati"}}]}, {"Bawlder": {"General Information": [{"Location": "Fields of Mourning"}, {"Combat Style": "Melee"}, {"Health": "440"}, {"Armor": "440"}]}}, {"Zeus": [{"Hades": "Hades II"}, {"General Information": [{"Title": "King of the Olympians"}, {"Type": "Olympian God"}, {"Affiliation": "Mount Olympus"}, {"Keepsake I": "Thunder Signet"}, {"Keepsake II": "Cloud Bangle"}, {"Status Curse I": "Jolted"}, {"Status Curse II": "Blitz"}]}, {"Relationships": [{"Family Tree": "Olympian Family Tree"}, {"Family": {"Chronos": {"Rhea (Mother)": [{"Hera": "(Wife)"}, {"Hades": "(Older Brother)"}, {"Poseidon": "(Older Brother)"}, {"Hestia": "(Foster Sister/Sister-in-Law)"}, {"Demeter": "(Foster Sister/Sister-in-Law)"}, {"Athena": "(Daughter)"}, {"Ares": "(Son)"}, {"Artemis": "(Daughter)"}, {"Apollo": "(Son)"}, {"Hephaestus": "(Son)"}, {"Heracles": "(Son)"}, {"Hermes": "(Son)"}, {"Dionysus": "(Son)"}, {"Aphrodite": "(Daughter-in-Law)"}, {"Zagreus": "(Nephew)"}, {"Melino\u00eb": "(Niece)"}]}}}, {"Relations": {"Metis (Former Wife)": {"Leto (Lover)": {"Maia (Lover)": {"Semele (Lover)": "Alcmene (Lover)"}}}}}]}, {"Behind the Scenes": {"Voice": "Peter Canavese"}}]}, {"Ares": [{"General Information": [{"Title": "God of War"}, {"Type": "Olympian God"}, {"Affiliation": "Mount Olympus"}, {"Keepsake": "Blood-Filled Vial"}, {"Status Curse": "Doom"}]}, {"Relationships": [{"Family Tree": "Olympian Family Tree"}, {"Family": {"Zeus": [{"Hera": "(Mother)"}, {"Hephaestus": "(Younger Brother)"}, {"Athena": "(Older Half-Sister)"}, {"Artemis": "(Younger Half-Sister)"}, {"Apollo": "(Younger Half-Brother)"}, {"Heracles": "(Younger Half-Brother)"}, {"Hermes": "(Younger Half-Brother)"}, {"Dionysus": "(Younger Half-Brother)"}, {"Chronos": "(Paternal Grandfather)"}, {"R": {"h": {"e": {"a": {" ": {"(": {"P": {"a": {"t": {"e": {"r": {"n": {"a": {"l": {" ": {"G": {"r": {"a": {"n": {"d": {"m": {"o": {"t": {"h": {"e": {"r": ")"}}}}}}}}}}}}}}}}}}}}}}}}}}, {"Hyperion": "(Maternal Grandfather)"}, {"Theia": "(Maternal Grandmother)"}, {"Hades": "(Paternal Uncle)"}, {"Poseidon": "(Paternal Uncle)"}, {"Hestia": "(Maternal Aunt)"}, {"Demeter": "(Maternal Aunt)"}, {"Helios": "(Maternal Uncle)"}, {"Selene": "(Maternal Aunt)"}, {"Eos": "(Maternal Aunt)"}, {"Persephone": "(Maternal Cousin)"}, {"Zagreus": "(Paternal Cousin)"}, {"Melino\u00eb": "(Paternal Cousin)"}]}}, {"Relations": {"Aphrodite": [{"Eris": "(War Companion/Close Friend)"}, {"Thanatos": "(Close Associate)"}]}}]}, {"Behind the Scenes": {"Voice": "Cyrus Nemati"}}]}, {"Dionysus": [{"General Information": [{"Title": "God of Wine"}, {"Type": {"Olympian God": {"(Currently)": {"Demigod": "(Formerly)"}}}}, {"Affiliation": "Mount Olympus"}, {"Keepsake": "Overflowing Cup"}, {"Status Curse": "Hangover"}]}, {"Relationships": [{"Family Tree": "Olympian Family Tree"}, {"Family": {"Zeus": {"Semele (Mother)": [{"Hera": "(Step-Mother)"}, {"Athena": "(Older Half-Sister)"}, {"Ares": "(Older Half-Brother)"}, {"Artemis": "(Older Half-Sister)"}, {"Apollo": "(Older Half-Brother)"}, {"Hephaestus": "(Older Half-Brother)"}, {"Heracles": "(Older Half-Brother)"}, {"Hermes": "(Older Half-Brother)"}, {"Chronos": "(Paternal Grandfather)"}, {"R": {"h": {"e": {"a": {" ": {"(": {"P": {"a": {"t": {"e": {"r": {"n": {"a": {"l": {" ": {"G": {"r": {"a": {"n": {"d": {"m": {"o": {"t": {"h": {"e": {"r": ")"}}}}}}}}}}}}}}}}}}}}}}}}}}, {"Hades": "(Paternal Uncle)"}, {"Poseidon": "(Paternal Uncle)"}, {"Hestia": "(Foster Aunt)"}, {"Demeter": "(Foster Aunt)"}, {"Persephone": "(Foster Cousin)"}, {"Zagreus": "(Paternal Cousin)"}, {"Melino\u00eb": "(Paternal Cousin)"}]}}}, {"Relations": {"Ariadne": "(Acquaintance)"}}]}, {"Behind the Scenes": {"Voice": "Cyrus Nemati"}}]}, {"Ares": [{"General Information": [{"Title": "God of War"}, {"Type": "Olympian God"}, {"Affiliation": "Mount Olympus"}, {"Keepsake": "Blood-Filled Vial"}, {"Status Curse": "Doom"}]}, {"Relationships": [{"Family Tree": "Olympian Family Tree"}, {"Family": {"Zeus": [{"Hera": "(Mother)"}, {"Hephaestus": "(Younger Brother)"}, {"Athena": "(Older Half-Sister)"}, {"Artemis": "(Younger Half-Sister)"}, {"Apollo": "(Younger Half-Brother)"}, {"Heracles": "(Younger Half-Brother)"}, {"Hermes": "(Younger Half-Brother)"}, {"Dionysus": "(Younger Half-Brother)"}, {"Chronos": "(Paternal Grandfather)"}, {"R": {"h": {"e": {"a": {" ": {"(": {"P": {"a": {"t": {"e": {"r": {"n": {"a": {"l": {" ": {"G": {"r": {"a": {"n": {"d": {"m": {"o": {"t": {"h": {"e": {"r": ")"}}}}}}}}}}}}}}}}}}}}}}}}}}, {"Hyperion": "(Maternal Grandfather)"}, {"Theia": "(Maternal Grandmother)"}, {"Hades": "(Paternal Uncle)"}, {"Poseidon": "(Paternal Uncle)"}, {"Hestia": "(Maternal Aunt)"}, {"Demeter": "(Maternal Aunt)"}, {"Helios": "(Maternal Uncle)"}, {"Selene": "(Maternal Aunt)"}, {"Eos": "(Maternal Aunt)"}, {"Persephone": "(Maternal Cousin)"}, {"Zagreus": "(Paternal Cousin)"}, {"Melino\u00eb": "(Paternal Cousin)"}]}}, {"Relations": {"Aphrodite": [{"Eris": "(War Companion/Close Friend)"}, {"Thanatos": "(Close Associate)"}]}}]}, {"Behind the Scenes": {"Voice": "Cyrus Nemati"}}]}, {"Blasket": {"General Information": [{"Location": "Rift of Thessaly"}, {"Combat Style": "Ranged"}, {"Health": "390"}, {"Armor": "390"}]}}, {"Blight-Shade": {"General Information": [{"Location": "Fields of Mourning"}, {"Combat Style": "Ranged, Melee"}, {"Health": "125"}, {"Armor": "125"}]}}, {"Athena": [{"General Information": [{"Title": "Goddess of Wisdom"}, {"Type": "Olympian Goddess"}, {"Affiliation": "Mount Olympus"}, {"Keepsake": "Owl Pendant"}, {"Status Curse": "Exposed"}]}, {"Relationships": [{"Family Tree": "Olympian Family Tree"}, {"Family": {"Zeus": {"Metis (Mother)": [{"Hera": "(Step-Mother)"}, {"Ares": "(Younger Half-Brother)"}, {"Artemis": "(Younger Half-Sister)"}, {"Apollo": "(Younger Half-Brother)"}, {"Hephaestus": "(Younger Half-Brother)"}, {"Heracles": "(Younger Half-Brother)"}, {"Hermes": "(Younger Half-Brother)"}, {"Dionysus": "(Younger Half-Brother)"}, {"Chronos": "(Paternal Grandfather)"}, {"R": {"h": {"e": {"a": {" ": {"(": {"P": {"a": {"t": {"e": {"r": {"n": {"a": {"l": {" ": {"G": {"r": {"a": {"n": {"d": {"m": {"o": {"t": {"h": {"e": {"r": ")"}}}}}}}}}}}}}}}}}}}}}}}}}}, {"Hades": "(Paternal Uncle)"}, {"Poseidon": "(Paternal Uncle)"}, {"Hestia": "(Foster Aunt)"}, {"Demeter": "(Foster Aunt)"}, {"Persephone": "(Foster Cousin)"}, {"Zagreus": "(Paternal Cousin)"}, {"Melino\u00eb": "(Paternal Cousin)"}]}}}, {"Relations": {"Achilles": [{"Arachne": "(Rival)"}, {"Dusa": "(Possible Relationship)"}, {"Odysseus": "(Beneficiary)"}]}}]}, {"Behind the Scenes": {"Voice": "Marin Miller"}}]}, {"Bloat-Shade": {"General Information": [{"Location": "Fields of Mourning"}, {"Combat Style": "Melee"}, {"Health": "640"}, {"Armor": "410"}]}}, {"Blood-Shade": {"General Information": [{"Location": "Fields of Mourning"}, {"Combat Style": "Melee"}, {"Health": "350"}, {"Armor": "250"}]}}, {"Bloodless": {"General Information": [{"Location": "Asphodel"}, {"Combat Style": "Close-range melee"}, {"Health": "310"}, {"Armor": "250"}, {"Base Damage": "11"}]}}, {"Poseidon": [{"Hades": "Hades II"}, {"General Information": [{"Title": "God of the Sea"}, {"Type": "Olympian God"}, {"Affiliation": "Mount Olympus"}, {"Keepsake I": "Conch Shell"}, {"Keepsake II": "Vivid Sea"}, {"Status Curse I": "Ruptured"}, {"Status Curse II": "Slip"}]}, {"Relationships": [{"Family Tree": "Olympian Family Tree"}, {"Family": {"Chronos": {"Rhea (Mother)": [{"Hades": "(Older Brother)"}, {"Zeus": "(Younger Brother)"}, {"Hestia": "(Foster Sister)"}, {"Demeter": "(Foster Sister)"}, {"Hera": "(Foster Sister/Sister-in-Law)"}, {"Athena": "(Niece)"}, {"Ares": "(Nephew)"}, {"Artemis": "(Niece)"}, {"Apollo": "(Nephew)"}, {"Hephaestus": "(Nephew)"}, {"Heracles": "(Nephew)"}, {"Hermes": "(Nephew)"}, {"Dionysus": "(Nephew)"}, {"Zagreus": "(Nephew)"}, {"Melino\u00eb": "(Niece)"}, {"Aphrodite": "(Niece-in-Law)"}]}}}]}, {"Behind the Scenes": {"Voice": "Logan Cunningham"}}]}, {"Bone-Raker": {"General Information": [{"Location": "Asphodel"}, {"Combat Style": "Close-range melee"}, {"Health": "400"}, {"Armor": "325"}, {"Base Damage": "7 per swipe"}]}}, {"Lernie / Bone Hydra": {"General Information": [{"Location": "Asphodel"}, {"Combat Style": "Various"}, {"Health": "6000 (Main) 820 (410 Armor, 410 Health) (Support)"}, {"Base Damage": "Varies"}]}}, {"Boozer": {"General Information": [{"Location": "Rift of Thessaly"}, {"Combat Style": "Mid-range melee"}, {"Health": "480"}, {"Armor": "460"}]}}, {"Bother": {"General Information": [{"Location": "Temple of Styx"}, {"Combat Style": "Projectiles"}, {"Health": "500"}, {"Armor": "500"}, {"Base Damage": "25"}]}}, {"Bouldy": [{"General Information": [{"Alias": "Strange Rock (Hades II)"}, {"Type": "Boulder"}]}, {"Relationships": {"Relations": {"Sisyphus": "(Best Friend)"}}}]}, {"Poseidon": [{"Hades": "Hades II"}, {"General Information": [{"Title": "God of the Sea"}, {"Type": "Olympian God"}, {"Affiliation": "Mount Olympus"}, {"Keepsake I": "Conch Shell"}, {"Keepsake II": "Vivid Sea"}, {"Status Curse I": "Ruptured"}, {"Status Curse II": "Slip"}]}, {"Relationships": [{"Family Tree": "Olympian Family Tree"}, {"Family": {"Chronos": {"Rhea (Mother)": [{"Hades": "(Older Brother)"}, {"Zeus": "(Younger Brother)"}, {"Hestia": "(Foster Sister)"}, {"Demeter": "(Foster Sister)"}, {"Hera": "(Foster Sister/Sister-in-Law)"}, {"Athena": "(Niece)"}, {"Ares": "(Nephew)"}, {"Artemis": "(Niece)"}, {"Apollo": "(Nephew)"}, {"Hephaestus": "(Nephew)"}, {"Heracles": "(Nephew)"}, {"Hermes": "(Nephew)"}, {"Dionysus": "(Nephew)"}, {"Zagreus": "(Nephew)"}, {"Melino\u00eb": "(Niece)"}, {"Aphrodite": "(Niece-in-Law)"}]}}}]}, {"Behind the Scenes": {"Voice": "Logan Cunningham"}}]}, {"Brightsword": {"General Information": [{"Location": "Elysium"}, {"Combat Style": "Various"}, {"Health": "700"}, {"Armor": "400"}]}}, {"Athena": [{"General Information": [{"Title": "Goddess of Wisdom"}, {"Type": "Olympian Goddess"}, {"Affiliation": "Mount Olympus"}, {"Keepsake": "Owl Pendant"}, {"Status Curse": "Exposed"}]}, {"Relationships": [{"Family Tree": "Olympian Family Tree"}, {"Family": {"Zeus": {"Metis (Mother)": [{"Hera": "(Step-Mother)"}, {"Ares": "(Younger Half-Brother)"}, {"Artemis": "(Younger Half-Sister)"}, {"Apollo": "(Younger Half-Brother)"}, {"Hephaestus": "(Younger Half-Brother)"}, {"Heracles": "(Younger Half-Brother)"}, {"Hermes": "(Younger Half-Brother)"}, {"Dionysus": "(Younger Half-Brother)"}, {"Chronos": "(Paternal Grandfather)"}, {"R": {"h": {"e": {"a": {" ": {"(": {"P": {"a": {"t": {"e": {"r": {"n": {"a": {"l": {" ": {"G": {"r": {"a": {"n": {"d": {"m": {"o": {"t": {"h": {"e": {"r": ")"}}}}}}}}}}}}}}}}}}}}}}}}}}, {"Hades": "(Paternal Uncle)"}, {"Poseidon": "(Paternal Uncle)"}, {"Hestia": "(Foster Aunt)"}, {"Demeter": "(Foster Aunt)"}, {"Persephone": "(Foster Cousin)"}, {"Zagreus": "(Paternal Cousin)"}, {"Melino\u00eb": "(Paternal Cousin)"}]}}}, {"Relations": {"Achilles": [{"Arachne": "(Rival)"}, {"Dusa": "(Possible Relationship)"}, {"Odysseus": "(Beneficiary)"}]}}]}, {"Behind the Scenes": {"Voice": "Marin Miller"}}]}, {"Brimstone": {"General Information": [{"Location": {"Tartarus": "Asphodel"}}, {"Combat Style": "Beam"}, {"Health": "60"}, {"Armor": "90"}, {"Base Damage": "1 (17 total per beam)"}]}}, {"Aphrodite": [{"Hades": "Hades II"}, {"General Information": [{"Title": "Goddess of Love"}, {"Type": "Olympian Goddess"}, {"Affiliation": "Mount Olympus"}, {"Keepsake I": "Eternal Rose"}, {"Keepsake II": "Beautiful Mirror"}, {"Status Curse I": "Weak"}, {"Status Curse II": "Weak"}]}, {"Relationships": [{"Family": {"Hephaestus": [{"Zeus": "(Father-in-Law)"}, {"Hera": "(Mother-in-Law)"}, {"Ares": "(Brother-in-Law)"}, {"Hades": "(Uncle-in-Law)"}, {"Poseidon": "(Uncle-in-Law)"}, {"Hestia": "(Aunt-in-Law)"}, {"Demeter": "(Aunt-in-Law)"}, {"Helios": "(Uncle-in-Law)"}, {"Selene": "(Aunt-in-Law)"}, {"Eos": "(Aunt-in-Law)"}]}}, {"Relations": {"Ares (Lover)": {"Charon": "(Crush)"}}}]}, {"Behind the Scenes": {"Voice": "Courtney Vineys"}}]}, {"Athena": [{"General Information": [{"Title": "Goddess of Wisdom"}, {"Type": "Olympian Goddess"}, {"Affiliation": "Mount Olympus"}, {"Keepsake": "Owl Pendant"}, {"Status Curse": "Exposed"}]}, {"Relationships": [{"Family Tree": "Olympian Family Tree"}, {"Family": {"Zeus": {"Metis (Mother)": [{"Hera": "(Step-Mother)"}, {"Ares": "(Younger Half-Brother)"}, {"Artemis": "(Younger Half-Sister)"}, {"Apollo": "(Younger Half-Brother)"}, {"Hephaestus": "(Younger Half-Brother)"}, {"Heracles": "(Younger Half-Brother)"}, {"Hermes": "(Younger Half-Brother)"}, {"Dionysus": "(Younger Half-Brother)"}, {"Chronos": "(Paternal Grandfather)"}, {"R": {"h": {"e": {"a": {" ": {"(": {"P": {"a": {"t": {"e": {"r": {"n": {"a": {"l": {" ": {"G": {"r": {"a": {"n": {"d": {"m": {"o": {"t": {"h": {"e": {"r": ")"}}}}}}}}}}}}}}}}}}}}}}}}}}, {"Hades": "(Paternal Uncle)"}, {"Poseidon": "(Paternal Uncle)"}, {"Hestia": "(Foster Aunt)"}, {"Demeter": "(Foster Aunt)"}, {"Persephone": "(Foster Cousin)"}, {"Zagreus": "(Paternal Cousin)"}, {"Melino\u00eb": "(Paternal Cousin)"}]}}}, {"Relations": {"Achilles": [{"Arachne": "(Rival)"}, {"Dusa": "(Possible Relationship)"}, {"Odysseus": "(Beneficiary)"}]}}]}, {"Behind the Scenes": {"Voice": "Marin Miller"}}]}, {"Bronzebeak": {"General Information": [{"Location": "City of Ephyra"}, {"Combat Style": "Melee"}, {"Health": "60"}, {"Armor": "60"}]}}, {"Burn-Flinger": {"General Information": [{"Location": {"Tartarus": {"(mini-boss)": "Asphodel"}}}, {"Combat Style": "Projectile"}, {"Health": "350"}, {"Armor": "400"}, {"Base Damage": "10"}]}}, {"Canine": {"General Information": [{"Location": "Fields of Mourning"}, {"Combat Style": "Melee"}, {"Health": "270"}, {"Armor": "270"}]}}, {"Casket": {"General Information": [{"Location": "Erebus"}, {"Combat Style": "Ranged"}, {"Health": "90"}, {"Armor": "155"}]}}, {"Cerberus": [{"Hades": "Hades II"}, {"General Information": [{"Title": "Hound of Hell"}, {"Alias": "Infernal Beast Infernal Cerberus"}, {"Type": "Animal"}, {"Affiliation": "House of Hades"}, {"Keepsake": "Old Spiked Collar"}]}, {"Relationships": {"Family": {"Hades": [{"Persephone": "(Owner)"}, {"Zagreus": "(Owner)"}, {"Melino\u00eb": "(Owner)"}]}}}, {"Behind the Scenes": {"Voice": "Solo, Higgins, Regis, Marzipan"}}]}, {"Infernal Beast/Cerberus": {"General Information": [{"Location": "Fields of Mourning"}, {"Combat Style": {"Melee": {"Fireballs": {"Corruption": "Reinforcements"}}}}, {"Health": "20,500"}]}}, {"Chaos": [{"Hades": "Hades II"}, {"General Information": [{"Title": "Primordial Originator"}, {"Type": "Primordial Divinity"}, {"Affiliation": "None"}, {"Keepsake": "Cosmic Egg"}]}, {"Relationships": [{"Family Tree": "Chthonic Family Tree"}, {"Family": {"Nyx": [{"The Fates": "(Granddaughters)"}, {"Charon": "(Grandson)"}, {"Moros": "(Grandson)"}, {"Nemesis": "(Granddaughter)"}, {"Thanatos": "(Grandson)"}, {"Hypnos": "(Grandson)"}, {"Eris": "(Granddaughter)"}]}}, {"Relations": {"Titans": {"Olympians": "(Descendants)"}}}]}, {"Behind the Scenes": {"Voice": "Peter Canavese"}}]}, {"Charon": [{"General Information": [{"Title": "Stygian Boatman"}, {"Type": "Chthonic God"}, {"Affiliation": {"House of Hades": "Children of Nyx"}}, {"Keepsake I": "Bone Hourglass"}, {"Keepsake II": "Gold Purse"}]}, {"Relationships": [{"Family Tree": "Chthonic Family Tree"}, {"Family": {"Nyx": [{"The Fates": "(Older Sisters)"}, {"Moros": "(Younger Brother)"}, {"Nemesis": "(Younger Sister)"}, {"Thanatos": "(Younger Brother)"}, {"Hypnos": "(Younger Brother)"}, {"Eris": "(Younger Sister)"}, {"Chaos": "(Grandparent)"}]}}, {"Relations": {"Hermes": [{"Skelly": "(Employee)"}, {"Aphrodite": "(Admirer)"}]}}]}, {"Behind the Scenes": {"Voice": "Logan Cunningham"}}]}, {"Charybdis the Devouring": {"General Information": [{"Location": "Rift of Thessaly"}, {"Combat Style": {"Tentacles": "Bombs"}}, {"Health": "2,000 (per Tentacle)"}, {"Armor": "None"}, {"Base Damage": {"Tentacle Shockwave: 15": {"Small Bomb: 8": "Spin: 14"}}}]}}, {"Chellen": [{"General Information": {"Alias": "Chelly"}}, {"Relationships": {"Relations": {"Hermes": "(Companion)"}}}]}, {"Chronos": [{"General Information": [{"Title": "Titan of Time"}, {"Type": "Titan"}, {"Affiliation": "Himself"}]}, {"Relationships": [{"Family Tree": "Olympian Family Tree"}, {"Family": {"Ouranos": [{"Gaia": "(Mother)"}, {"R": {"h": {"e": {"a": {" ": {"(": {"W": {"i": {"f": {"e": ")"}}}}}}}}}}, {"Hades": "(Son)"}, {"Poseidon": "(Son)"}, {"Zeus": "(Son)"}, {"Athena": "(Granddaughter)"}, {"Ares": "(Grandson)"}, {"Artemis": "(Granddaughter)"}, {"Apollo": "(Grandson)"}, {"Hephaestus": "(Grandson)"}, {"Heracles": "(Grandson)"}, {"Hermes": "(Grandson)"}, {"Dionysus": "(Grandson)"}, {"Zagreus": "(Grandson)"}, {"Melino\u00eb": "(Granddaughter)"}]}}, {"Relations": {"Melino\u00eb": [{"House of Hades": "(Enemies)"}, {"Olympians": "(Enemies)"}]}}]}, {"Behind the Scenes": {"Voice": "Logan Cunningham"}}]}, {"Chronos, Titan of Time": {"General Information": [{"Location": "House of Hades"}, {"Combat Style": {"Melee": {"Reinforcements": "Time Abilities"}}}, {"Health": {"20,000 (Phase 1)": "16,000 (Phase 2)"}}, {"Base Damage": {"Tail Spin (Satyrs): 10": {"Dash Trail: 15": {"Scythe Throw: 25": {"Time Orbs: 10": {"Time Circle: 25": {"Clock Hands: 30": "Time Burst: 699-999"}}}}}}}]}}, {"Circe": [{"General Information": [{"Title": "Witch of Changing"}, {"Type": "Goddess"}, {"Affiliation": "Hecate"}, {"Keepsake": "Crystal Figurine"}]}, {"Relationships": [{"Family Tree": "Olympian Family Tree"}, {"Family": {"Helios": {"Perseide (Mother)": {"Ae\u00ebtes (Older Brother)": {"Pasipha\u00eb (Younger Sister)": [{"Hyperion": "(Paternal Grandfather)"}, {"Theia": "(Paternal Grandmother)"}, {"Hestia": "(Paternal Aunt)"}, {"Demeter": "(Paternal Aunt)"}, {"Hera": "(Paternal Aunt)"}, {"Selene": "(Paternal Aunt)"}, {"Eos": "(Paternal Aunt)"}, {"C": {"h": {"a": {"l": {"c": {"i": {"o": {"p": {"e": {" ": {"(": {"P": {"a": {"t": {"e": {"r": {"n": {"a": {"l": {" ": {"N": {"i": {"e": {"c": {"e": ")"}}}}}}}}}}}}}}}}}}}}}}}}}, {"Medea": "(Paternal Niece)"}, {"A": {"b": {"s": {"y": {"r": {"t": {"u": {"s": {" ": {"(": {"P": {"a": {"t": {"e": {"r": {"n": {"a": {"l": {" ": {"N": {"e": {"p": {"h": {"e": {"w": ")"}}}}}}}}}}}}}}}}}}}}}}}}}, {"Asterius": "(Paternal Nephew)"}, {"Ariadne": "(Paternal Niece)"}, {"Persephone": "(Paternal Cousin)"}, {"Ares": "(Paternal Cousin)"}, {"Hephaestus": "(Paternal Cousin)"}, {"Zagreus": "(Paternal Cousin)"}, {"Melino\u00eb": "(Paternal Cousin)"}]}}}}}, {"Relations": {"Odysseus": "(Lover)"}}]}, {"Behind the Scenes": {"Voice": "Hannah Whiteoak"}}]}, {"Artemis": [{"Hades": "Hades II"}, {"General Information": [{"Title": "Goddess of the Hunt"}, {"Type": "Olympian Goddess"}, {"Affiliation": {"Mount Olympus": "Silver Sisters"}}, {"Keepsake I": "Adamant Arrowhead"}, {"Keepsake II": "White Antler"}, {"Status Curse I": "Marked"}, {"Status Curse II": "Marked"}]}, {"Relationships": [{"Family Tree": "Olympian Family Tree"}, {"Family": {"Zeus": {"Leto (Mother)": [{"Hera": "(Step-Mother)"}, {"Apollo": "(Younger Twin Brother)"}, {"Athena": "(Older Half-Sister)"}, {"Ares": "(Older Half-Brother)"}, {"Hephaestus": "(Younger Half-Brother)"}, {"Heracles": "(Younger Half-Brother)"}, {"Hermes": "(Younger Half-Brother)"}, {"Dionysus": "(Younger Half-Brother)"}, {"Chronos": "(Paternal Grandfather)"}, {"R": {"h": {"e": {"a": {" ": {"(": {"P": {"a": {"t": {"e": {"r": {"n": {"a": {"l": {" ": {"G": {"r": {"a": {"n": {"d": {"m": {"o": {"t": {"h": {"e": {"r": ")"}}}}}}}}}}}}}}}}}}}}}}}}}}, {"A": {"s": {"t": {"e": {"r": {"i": {"a": {" ": {"(": {"M": {"a": {"t": {"e": {"r": {"n": {"a": {"l": {" ": {"A": {"u": {"n": {"t": ")"}}}}}}}}}}}}}}}}}}}}}}, {"L": {"e": {"l": {"a": {"n": {"t": {"u": {"s": {" ": {"(": {"M": {"a": {"t": {"e": {"r": {"n": {"a": {"l": {" ": {"U": {"n": {"c": {"l": {"e": ")"}}}}}}}}}}}}}}}}}}}}}}}}, {"A": {"u": {"p": {"h": {"o": {"t": {"o": {"l": {"u": {"s": {" ": {"(": {"M": {"a": {"t": {"e": {"r": {"n": {"a": {"l": {" ": {"U": {"n": {"c": {"l": {"e": ")"}}}}}}}}}}}}}}}}}}}}}}}}}}, {"Hades": "(Paternal Uncle)"}, {"Poseidon": "(Paternal Uncle)"}, {"Hestia": "(Foster Aunt)"}, {"Demeter": "(Foster Aunt)"}, {"Hecate": "(Maternal Cousin)"}, {"Persephone": "(Foster Cousin)"}, {"Zagreus": "(Paternal Cousin)"}, {"Melino\u00eb": "(Paternal Cousin)"}]}}}, {"Relations": {"Callisto": "(Hunting Partner)"}}]}, {"Behind the Scenes": {"Voice": "Jamie Landrum"}}]}, {"The Fates": [{"General Information": [{"Type": "Chthonic Goddesses"}, {"Affiliation": {"Themselves": "Children of Nyx"}}]}, {"Relationships": [{"Family Tree": "Chthonic Family Tree"}, {"Family": {"Nyx": [{"Charon": "(Younger Brother)"}, {"Moros": "(Younger Brother)"}, {"Nemesis": "(Younger Sister)"}, {"Thanatos": "(Younger Brother)"}, {"Hypnos": "(Younger Brother)"}, {"Eris": "(Younger Sister)"}, {"Chaos": "(Grandparent)"}]}}]}]}, {"Zeus": [{"Hades": "Hades II"}, {"General Information": [{"Title": "King of the Olympians"}, {"Type": "Olympian God"}, {"Affiliation": "Mount Olympus"}, {"Keepsake I": "Thunder Signet"}, {"Keepsake II": "Cloud Bangle"}, {"Status Curse I": "Jolted"}, {"Status Curse II": "Blitz"}]}, {"Relationships": [{"Family Tree": "Olympian Family Tree"}, {"Family": {"Chronos": {"Rhea (Mother)": [{"Hera": "(Wife)"}, {"Hades": "(Older Brother)"}, {"Poseidon": "(Older Brother)"}, {"Hestia": "(Foster Sister/Sister-in-Law)"}, {"Demeter": "(Foster Sister/Sister-in-Law)"}, {"Athena": "(Daughter)"}, {"Ares": "(Son)"}, {"Artemis": "(Daughter)"}, {"Apollo": "(Son)"}, {"Hephaestus": "(Son)"}, {"Heracles": "(Son)"}, {"Hermes": "(Son)"}, {"Dionysus": "(Son)"}, {"Aphrodite": "(Daughter-in-Law)"}, {"Zagreus": "(Nephew)"}, {"Melino\u00eb": "(Niece)"}]}}}, {"Relations": {"Metis (Former Wife)": {"Leto (Lover)": {"Maia (Lover)": {"Semele (Lover)": "Alcmene (Lover)"}}}}}]}, {"Behind the Scenes": {"Voice": "Peter Canavese"}}]}, {"Crawler": {"General Information": [{"Location": "Temple of Styx"}, {"Combat Style": "(Close Ranged) Melee"}, {"Health": "1"}, {"Armor": "N/A"}, {"Base Damage": "3"}]}}, {"Crawler": {"General Information": [{"Location": "Tartarus"}, {"Combat Style": "Melee"}, {"Health": "1"}, {"Armor": "1"}]}}, {"Aphrodite": [{"Hades": "Hades II"}, {"General Information": [{"Title": "Goddess of Love"}, {"Type": "Olympian Goddess"}, {"Affiliation": "Mount Olympus"}, {"Keepsake I": "Eternal Rose"}, {"Keepsake II": "Beautiful Mirror"}, {"Status Curse I": "Weak"}, {"Status Curse II": "Weak"}]}, {"Relationships": [{"Family": {"Hephaestus": [{"Zeus": "(Father-in-Law)"}, {"Hera": "(Mother-in-Law)"}, {"Ares": "(Brother-in-Law)"}, {"Hades": "(Uncle-in-Law)"}, {"Poseidon": "(Uncle-in-Law)"}, {"Hestia": "(Aunt-in-Law)"}, {"Demeter": "(Aunt-in-Law)"}, {"Helios": "(Uncle-in-Law)"}, {"Selene": "(Aunt-in-Law)"}, {"Eos": "(Aunt-in-Law)"}]}}, {"Relations": {"Ares (Lover)": {"Charon": "(Crush)"}}}]}, {"Behind the Scenes": {"Voice": "Courtney Vineys"}}]}, {"Demeter": [{"Hades I": "Hades II"}, {"General Information": [{"Title": "Goddess of Seasons"}, {"Type": "Olympian Goddess"}, {"Affiliation": "Mount Olympus"}, {"Keepsake I": "Frostbitten Horn"}, {"Keepsake II": "Barley Sheaf"}, {"Status Curse I": "Chill"}, {"Status Curse II": "Freeze Cyclone"}]}, {"Relationships": [{"Family Tree": "Olympian Family Tree"}, {"Family": {"Hyperion": [{"Theia": "(Mother)"}, {"Persephone": "(Daughter)"}, {"Zagreus": "(Grandson)"}, {"Melino\u00eb": "(Granddaughter)"}, {"Hestia": "(Older Sister)"}, {"Hera": "(Younger Sister)"}, {"Helios": "(Younger Brother)"}, {"Selene": "(Younger Sister)"}, {"Eos": "(Younger Sister)"}, {"Hades": "(Foster Brother/Son-in-Law)"}, {"Poseidon": "(Foster Brother)"}, {"Zeus": "(Foster Brother/Brother-in-Law)"}, {"Ares": "(Nephew)"}, {"Hephaestus": "(Nephew)"}, {"Athena": "(Foster Niece)"}, {"Artemis": "(Foster Niece)"}, {"Apollo": "(Foster Nephew)"}, {"Heracles": "(Foster Nephew)"}, {"Hermes": "(Foster Nephew)"}, {"Dionysus": "(Foster Nephew)"}, {"Aphrodite": "(Niece-in-Law)"}]}}, {"Relations": {"Mortal Farmboy": "(Lover) \u2020"}}]}, {"Behind the Scenes": {"Voice": "Laila Berzins"}}]}, {"Ares": [{"General Information": [{"Title": "God of War"}, {"Type": "Olympian God"}, {"Affiliation": "Mount Olympus"}, {"Keepsake": "Blood-Filled Vial"}, {"Status Curse": "Doom"}]}, {"Relationships": [{"Family Tree": "Olympian Family Tree"}, {"Family": {"Zeus": [{"Hera": "(Mother)"}, {"Hephaestus": "(Younger Brother)"}, {"Athena": "(Older Half-Sister)"}, {"Artemis": "(Younger Half-Sister)"}, {"Apollo": "(Younger Half-Brother)"}, {"Heracles": "(Younger Half-Brother)"}, {"Hermes": "(Younger Half-Brother)"}, {"Dionysus": "(Younger Half-Brother)"}, {"Chronos": "(Paternal Grandfather)"}, {"R": {"h": {"e": {"a": {" ": {"(": {"P": {"a": {"t": {"e": {"r": {"n": {"a": {"l": {" ": {"G": {"r": {"a": {"n": {"d": {"m": {"o": {"t": {"h": {"e": {"r": ")"}}}}}}}}}}}}}}}}}}}}}}}}}}, {"Hyperion": "(Maternal Grandfather)"}, {"Theia": "(Maternal Grandmother)"}, {"Hades": "(Paternal Uncle)"}, {"Poseidon": "(Paternal Uncle)"}, {"Hestia": "(Maternal Aunt)"}, {"Demeter": "(Maternal Aunt)"}, {"Helios": "(Maternal Uncle)"}, {"Selene": "(Maternal Aunt)"}, {"Eos": "(Maternal Aunt)"}, {"Persephone": "(Maternal Cousin)"}, {"Zagreus": "(Paternal Cousin)"}, {"Melino\u00eb": "(Paternal Cousin)"}]}}, {"Relations": {"Aphrodite": [{"Eris": "(War Companion/Close Friend)"}, {"Thanatos": "(Close Associate)"}]}}]}, {"Behind the Scenes": {"Voice": "Cyrus Nemati"}}]}, {"Ares": [{"General Information": [{"Title": "God of War"}, {"Type": "Olympian God"}, {"Affiliation": "Mount Olympus"}, {"Keepsake": "Blood-Filled Vial"}, {"Status Curse": "Doom"}]}, {"Relationships": [{"Family Tree": "Olympian Family Tree"}, {"Family": {"Zeus": [{"Hera": "(Mother)"}, {"Hephaestus": "(Younger Brother)"}, {"Athena": "(Older Half-Sister)"}, {"Artemis": "(Younger Half-Sister)"}, {"Apollo": "(Younger Half-Brother)"}, {"Heracles": "(Younger Half-Brother)"}, {"Hermes": "(Younger Half-Brother)"}, {"Dionysus": "(Younger Half-Brother)"}, {"Chronos": "(Paternal Grandfather)"}, {"R": {"h": {"e": {"a": {" ": {"(": {"P": {"a": {"t": {"e": {"r": {"n": {"a": {"l": {" ": {"G": {"r": {"a": {"n": {"d": {"m": {"o": {"t": {"h": {"e": {"r": ")"}}}}}}}}}}}}}}}}}}}}}}}}}}, {"Hyperion": "(Maternal Grandfather)"}, {"Theia": "(Maternal Grandmother)"}, {"Hades": "(Paternal Uncle)"}, {"Poseidon": "(Paternal Uncle)"}, {"Hestia": "(Maternal Aunt)"}, {"Demeter": "(Maternal Aunt)"}, {"Helios": "(Maternal Uncle)"}, {"Selene": "(Maternal Aunt)"}, {"Eos": "(Maternal Aunt)"}, {"Persephone": "(Maternal Cousin)"}, {"Zagreus": "(Paternal Cousin)"}, {"Melino\u00eb": "(Paternal Cousin)"}]}}, {"Relations": {"Aphrodite": [{"Eris": "(War Companion/Close Friend)"}, {"Thanatos": "(Close Associate)"}]}}]}, {"Behind the Scenes": {"Voice": "Cyrus Nemati"}}]}, {"Ares": [{"General Information": [{"Title": "God of War"}, {"Type": "Olympian God"}, {"Affiliation": "Mount Olympus"}, {"Keepsake": "Blood-Filled Vial"}, {"Status Curse": "Doom"}]}, {"Relationships": [{"Family Tree": "Olympian Family Tree"}, {"Family": {"Zeus": [{"Hera": "(Mother)"}, {"Hephaestus": "(Younger Brother)"}, {"Athena": "(Older Half-Sister)"}, {"Artemis": "(Younger Half-Sister)"}, {"Apollo": "(Younger Half-Brother)"}, {"Heracles": "(Younger Half-Brother)"}, {"Hermes": "(Younger Half-Brother)"}, {"Dionysus": "(Younger Half-Brother)"}, {"Chronos": "(Paternal Grandfather)"}, {"R": {"h": {"e": {"a": {" ": {"(": {"P": {"a": {"t": {"e": {"r": {"n": {"a": {"l": {" ": {"G": {"r": {"a": {"n": {"d": {"m": {"o": {"t": {"h": {"e": {"r": ")"}}}}}}}}}}}}}}}}}}}}}}}}}}, {"Hyperion": "(Maternal Grandfather)"}, {"Theia": "(Maternal Grandmother)"}, {"Hades": "(Paternal Uncle)"}, {"Poseidon": "(Paternal Uncle)"}, {"Hestia": "(Maternal Aunt)"}, {"Demeter": "(Maternal Aunt)"}, {"Helios": "(Maternal Uncle)"}, {"Selene": "(Maternal Aunt)"}, {"Eos": "(Maternal Aunt)"}, {"Persephone": "(Maternal Cousin)"}, {"Zagreus": "(Paternal Cousin)"}, {"Melino\u00eb": "(Paternal Cousin)"}]}}, {"Relations": {"Aphrodite": [{"Eris": "(War Companion/Close Friend)"}, {"Thanatos": "(Close Associate)"}]}}]}, {"Behind the Scenes": {"Voice": "Cyrus Nemati"}}]}, {"Cutthroat": {"General Information": [{"Location": "City of Ephyra"}, {"Combat Style": "Melee"}, {"Health": "230"}, {"Armor": "230"}]}}, {"Artemis": [{"Hades": "Hades II"}, {"General Information": [{"Title": "Goddess of the Hunt"}, {"Type": "Olympian Goddess"}, {"Affiliation": {"Mount Olympus": "Silver Sisters"}}, {"Keepsake I": "Adamant Arrowhead"}, {"Keepsake II": "White Antler"}, {"Status Curse I": "Marked"}, {"Status Curse II": "Marked"}]}, {"Relationships": [{"Family Tree": "Olympian Family Tree"}, {"Family": {"Zeus": {"Leto (Mother)": [{"Hera": "(Step-Mother)"}, {"Apollo": "(Younger Twin Brother)"}, {"Athena": "(Older Half-Sister)"}, {"Ares": "(Older Half-Brother)"}, {"Hephaestus": "(Younger Half-Brother)"}, {"Heracles": "(Younger Half-Brother)"}, {"Hermes": "(Younger Half-Brother)"}, {"Dionysus": "(Younger Half-Brother)"}, {"Chronos": "(Paternal Grandfather)"}, {"R": {"h": {"e": {"a": {" ": {"(": {"P": {"a": {"t": {"e": {"r": {"n": {"a": {"l": {" ": {"G": {"r": {"a": {"n": {"d": {"m": {"o": {"t": {"h": {"e": {"r": ")"}}}}}}}}}}}}}}}}}}}}}}}}}}, {"A": {"s": {"t": {"e": {"r": {"i": {"a": {" ": {"(": {"M": {"a": {"t": {"e": {"r": {"n": {"a": {"l": {" ": {"A": {"u": {"n": {"t": ")"}}}}}}}}}}}}}}}}}}}}}}, {"L": {"e": {"l": {"a": {"n": {"t": {"u": {"s": {" ": {"(": {"M": {"a": {"t": {"e": {"r": {"n": {"a": {"l": {" ": {"U": {"n": {"c": {"l": {"e": ")"}}}}}}}}}}}}}}}}}}}}}}}}, {"A": {"u": {"p": {"h": {"o": {"t": {"o": {"l": {"u": {"s": {" ": {"(": {"M": {"a": {"t": {"e": {"r": {"n": {"a": {"l": {" ": {"U": {"n": {"c": {"l": {"e": ")"}}}}}}}}}}}}}}}}}}}}}}}}}}, {"Hades": "(Paternal Uncle)"}, {"Poseidon": "(Paternal Uncle)"}, {"Hestia": "(Foster Aunt)"}, {"Demeter": "(Foster Aunt)"}, {"Hecate": "(Maternal Cousin)"}, {"Persephone": "(Foster Cousin)"}, {"Zagreus": "(Paternal Cousin)"}, {"Melino\u00eb": "(Paternal Cousin)"}]}}}, {"Relations": {"Callisto": "(Hunting Partner)"}}]}, {"Behind the Scenes": {"Voice": "Jamie Landrum"}}]}, {"Artemis": [{"Hades": "Hades II"}, {"General Information": [{"Title": "Goddess of the Hunt"}, {"Type": "Olympian Goddess"}, {"Affiliation": {"Mount Olympus": "Silver Sisters"}}, {"Keepsake I": "Adamant Arrowhead"}, {"Keepsake II": "White Antler"}, {"Status Curse I": "Marked"}, {"Status Curse II": "Marked"}]}, {"Relationships": [{"Family Tree": "Olympian Family Tree"}, {"Family": {"Zeus": {"Leto (Mother)": [{"Hera": "(Step-Mother)"}, {"Apollo": "(Younger Twin Brother)"}, {"Athena": "(Older Half-Sister)"}, {"Ares": "(Older Half-Brother)"}, {"Hephaestus": "(Younger Half-Brother)"}, {"Heracles": "(Younger Half-Brother)"}, {"Hermes": "(Younger Half-Brother)"}, {"Dionysus": "(Younger Half-Brother)"}, {"Chronos": "(Paternal Grandfather)"}, {"R": {"h": {"e": {"a": {" ": {"(": {"P": {"a": {"t": {"e": {"r": {"n": {"a": {"l": {" ": {"G": {"r": {"a": {"n": {"d": {"m": {"o": {"t": {"h": {"e": {"r": ")"}}}}}}}}}}}}}}}}}}}}}}}}}}, {"A": {"s": {"t": {"e": {"r": {"i": {"a": {" ": {"(": {"M": {"a": {"t": {"e": {"r": {"n": {"a": {"l": {" ": {"A": {"u": {"n": {"t": ")"}}}}}}}}}}}}}}}}}}}}}}, {"L": {"e": {"l": {"a": {"n": {"t": {"u": {"s": {" ": {"(": {"M": {"a": {"t": {"e": {"r": {"n": {"a": {"l": {" ": {"U": {"n": {"c": {"l": {"e": ")"}}}}}}}}}}}}}}}}}}}}}}}}, {"A": {"u": {"p": {"h": {"o": {"t": {"o": {"l": {"u": {"s": {" ": {"(": {"M": {"a": {"t": {"e": {"r": {"n": {"a": {"l": {" ": {"U": {"n": {"c": {"l": {"e": ")"}}}}}}}}}}}}}}}}}}}}}}}}}}, {"Hades": "(Paternal Uncle)"}, {"Poseidon": "(Paternal Uncle)"}, {"Hestia": "(Foster Aunt)"}, {"Demeter": "(Foster Aunt)"}, {"Hecate": "(Maternal Cousin)"}, {"Persephone": "(Foster Cousin)"}, {"Zagreus": "(Paternal Cousin)"}, {"Melino\u00eb": "(Paternal Cousin)"}]}}}, {"Relations": {"Callisto": "(Hunting Partner)"}}]}, {"Behind the Scenes": {"Voice": "Jamie Landrum"}}]}, {"Thanatos": [{"Default": "Pleased"}, {"General Information": [{"Title": "Death Incarnate"}, {"Type": "Chthonic God"}, {"Affiliation": {"House of Hades": "Children of Nyx"}}, {"Keepsake": "Pierced Butterfly"}]}, {"Relationships": [{"Family Tree": "Chthonic Family Tree"}, {"Family": {"Nyx": [{"The Fates": "(Older Sisters)"}, {"Charon": "(Older Brother)"}, {"Moros": "(Older Brother)"}, {"Nemesis": "(Older Sister)"}, {"Hypnos": "(Younger Twin Brother)"}, {"Eris": "(Younger Sister)"}, {"Chaos": "(Grandparent)"}]}}, {"Relations": {"Zagreus": [{"Megaera": "(Colleague/Friend)"}, {"Tisiphone": "(Colleague)"}, {"Alecto": "(Colleague)"}, {"Ares": "(Close Associate)"}]}}]}, {"Behind the Scenes": {"Voice": "Chris Saphire"}}]}, {"Athena": [{"General Information": [{"Title": "Goddess of Wisdom"}, {"Type": "Olympian Goddess"}, {"Affiliation": "Mount Olympus"}, {"Keepsake": "Owl Pendant"}, {"Status Curse": "Exposed"}]}, {"Relationships": [{"Family Tree": "Olympian Family Tree"}, {"Family": {"Zeus": {"Metis (Mother)": [{"Hera": "(Step-Mother)"}, {"Ares": "(Younger Half-Brother)"}, {"Artemis": "(Younger Half-Sister)"}, {"Apollo": "(Younger Half-Brother)"}, {"Hephaestus": "(Younger Half-Brother)"}, {"Heracles": "(Younger Half-Brother)"}, {"Hermes": "(Younger Half-Brother)"}, {"Dionysus": "(Younger Half-Brother)"}, {"Chronos": "(Paternal Grandfather)"}, {"R": {"h": {"e": {"a": {" ": {"(": {"P": {"a": {"t": {"e": {"r": {"n": {"a": {"l": {" ": {"G": {"r": {"a": {"n": {"d": {"m": {"o": {"t": {"h": {"e": {"r": ")"}}}}}}}}}}}}}}}}}}}}}}}}}}, {"Hades": "(Paternal Uncle)"}, {"Poseidon": "(Paternal Uncle)"}, {"Hestia": "(Foster Aunt)"}, {"Demeter": "(Foster Aunt)"}, {"Persephone": "(Foster Cousin)"}, {"Zagreus": "(Paternal Cousin)"}, {"Melino\u00eb": "(Paternal Cousin)"}]}}}, {"Relations": {"Achilles": [{"Arachne": "(Rival)"}, {"Dusa": "(Possible Relationship)"}, {"Odysseus": "(Beneficiary)"}]}}]}, {"Behind the Scenes": {"Voice": "Marin Miller"}}]}, {"Deep Serpent": {"General Information": [{"Location": "Oceanus"}, {"Combat Style": "Ranged, Melee"}, {"Health": "700"}, {"Armor": "2650"}]}}, {"Demeter": [{"Hades I": "Hades II"}, {"General Information": [{"Title": "Goddess of Seasons"}, {"Type": "Olympian Goddess"}, {"Affiliation": "Mount Olympus"}, {"Keepsake I": "Frostbitten Horn"}, {"Keepsake II": "Barley Sheaf"}, {"Status Curse I": "Chill"}, {"Status Curse II": "Freeze Cyclone"}]}, {"Relationships": [{"Family Tree": "Olympian Family Tree"}, {"Family": {"Hyperion": [{"Theia": "(Mother)"}, {"Persephone": "(Daughter)"}, {"Zagreus": "(Grandson)"}, {"Melino\u00eb": "(Granddaughter)"}, {"Hestia": "(Older Sister)"}, {"Hera": "(Younger Sister)"}, {"Helios": "(Younger Brother)"}, {"Selene": "(Younger Sister)"}, {"Eos": "(Younger Sister)"}, {"Hades": "(Foster Brother/Son-in-Law)"}, {"Poseidon": "(Foster Brother)"}, {"Zeus": "(Foster Brother/Brother-in-Law)"}, {"Ares": "(Nephew)"}, {"Hephaestus": "(Nephew)"}, {"Athena": "(Foster Niece)"}, {"Artemis": "(Foster Niece)"}, {"Apollo": "(Foster Nephew)"}, {"Heracles": "(Foster Nephew)"}, {"Hermes": "(Foster Nephew)"}, {"Dionysus": "(Foster Nephew)"}, {"Aphrodite": "(Niece-in-Law)"}]}}, {"Relations": {"Mortal Farmboy": "(Lover) \u2020"}}]}, {"Behind the Scenes": {"Voice": "Laila Berzins"}}]}, {"Demeter": [{"Hades I": "Hades II"}, {"General Information": [{"Title": "Goddess of Seasons"}, {"Type": "Olympian Goddess"}, {"Affiliation": "Mount Olympus"}, {"Keepsake I": "Frostbitten Horn"}, {"Keepsake II": "Barley Sheaf"}, {"Status Curse I": "Chill"}, {"Status Curse II": "Freeze Cyclone"}]}, {"Relationships": [{"Family Tree": "Olympian Family Tree"}, {"Family": {"Hyperion": [{"Theia": "(Mother)"}, {"Persephone": "(Daughter)"}, {"Zagreus": "(Grandson)"}, {"Melino\u00eb": "(Granddaughter)"}, {"Hestia": "(Older Sister)"}, {"Hera": "(Younger Sister)"}, {"Helios": "(Younger Brother)"}, {"Selene": "(Younger Sister)"}, {"Eos": "(Younger Sister)"}, {"Hades": "(Foster Brother/Son-in-Law)"}, {"Poseidon": "(Foster Brother)"}, {"Zeus": "(Foster Brother/Brother-in-Law)"}, {"Ares": "(Nephew)"}, {"Hephaestus": "(Nephew)"}, {"Athena": "(Foster Niece)"}, {"Artemis": "(Foster Niece)"}, {"Apollo": "(Foster Nephew)"}, {"Heracles": "(Foster Nephew)"}, {"Hermes": "(Foster Nephew)"}, {"Dionysus": "(Foster Nephew)"}, {"Aphrodite": "(Niece-in-Law)"}]}}, {"Relations": {"Mortal Farmboy": "(Lover) \u2020"}}]}, {"Behind the Scenes": {"Voice": "Laila Berzins"}}]}, {"Aphrodite": [{"Hades": "Hades II"}, {"General Information": [{"Title": "Goddess of Love"}, {"Type": "Olympian Goddess"}, {"Affiliation": "Mount Olympus"}, {"Keepsake I": "Eternal Rose"}, {"Keepsake II": "Beautiful Mirror"}, {"Status Curse I": "Weak"}, {"Status Curse II": "Weak"}]}, {"Relationships": [{"Family": {"Hephaestus": [{"Zeus": "(Father-in-Law)"}, {"Hera": "(Mother-in-Law)"}, {"Ares": "(Brother-in-Law)"}, {"Hades": "(Uncle-in-Law)"}, {"Poseidon": "(Uncle-in-Law)"}, {"Hestia": "(Aunt-in-Law)"}, {"Demeter": "(Aunt-in-Law)"}, {"Helios": "(Uncle-in-Law)"}, {"Selene": "(Aunt-in-Law)"}, {"Eos": "(Aunt-in-Law)"}]}}, {"Relations": {"Ares (Lover)": {"Charon": "(Crush)"}}}]}, {"Behind the Scenes": {"Voice": "Courtney Vineys"}}]}, {"Dionysus": [{"General Information": [{"Title": "God of Wine"}, {"Type": {"Olympian God": {"(Currently)": {"Demigod": "(Formerly)"}}}}, {"Affiliation": "Mount Olympus"}, {"Keepsake": "Overflowing Cup"}, {"Status Curse": "Hangover"}]}, {"Relationships": [{"Family Tree": "Olympian Family Tree"}, {"Family": {"Zeus": {"Semele (Mother)": [{"Hera": "(Step-Mother)"}, {"Athena": "(Older Half-Sister)"}, {"Ares": "(Older Half-Brother)"}, {"Artemis": "(Older Half-Sister)"}, {"Apollo": "(Older Half-Brother)"}, {"Hephaestus": "(Older Half-Brother)"}, {"Heracles": "(Older Half-Brother)"}, {"Hermes": "(Older Half-Brother)"}, {"Chronos": "(Paternal Grandfather)"}, {"R": {"h": {"e": {"a": {" ": {"(": {"P": {"a": {"t": {"e": {"r": {"n": {"a": {"l": {" ": {"G": {"r": {"a": {"n": {"d": {"m": {"o": {"t": {"h": {"e": {"r": ")"}}}}}}}}}}}}}}}}}}}}}}}}}}, {"Hades": "(Paternal Uncle)"}, {"Poseidon": "(Paternal Uncle)"}, {"Hestia": "(Foster Aunt)"}, {"Demeter": "(Foster Aunt)"}, {"Persephone": "(Foster Cousin)"}, {"Zagreus": "(Paternal Cousin)"}, {"Melino\u00eb": "(Paternal Cousin)"}]}}}, {"Relations": {"Ariadne": "(Acquaintance)"}}]}, {"Behind the Scenes": {"Voice": "Cyrus Nemati"}}]}, {"Dionysus": [{"General Information": [{"Title": "God of Wine"}, {"Type": {"Olympian God": {"(Currently)": {"Demigod": "(Formerly)"}}}}, {"Affiliation": "Mount Olympus"}, {"Keepsake": "Overflowing Cup"}, {"Status Curse": "Hangover"}]}, {"Relationships": [{"Family Tree": "Olympian Family Tree"}, {"Family": {"Zeus": {"Semele (Mother)": [{"Hera": "(Step-Mother)"}, {"Athena": "(Older Half-Sister)"}, {"Ares": "(Older Half-Brother)"}, {"Artemis": "(Older Half-Sister)"}, {"Apollo": "(Older Half-Brother)"}, {"Hephaestus": "(Older Half-Brother)"}, {"Heracles": "(Older Half-Brother)"}, {"Hermes": "(Older Half-Brother)"}, {"Chronos": "(Paternal Grandfather)"}, {"R": {"h": {"e": {"a": {" ": {"(": {"P": {"a": {"t": {"e": {"r": {"n": {"a": {"l": {" ": {"G": {"r": {"a": {"n": {"d": {"m": {"o": {"t": {"h": {"e": {"r": ")"}}}}}}}}}}}}}}}}}}}}}}}}}}, {"Hades": "(Paternal Uncle)"}, {"Poseidon": "(Paternal Uncle)"}, {"Hestia": "(Foster Aunt)"}, {"Demeter": "(Foster Aunt)"}, {"Persephone": "(Foster Cousin)"}, {"Zagreus": "(Paternal Cousin)"}, {"Melino\u00eb": "(Paternal Cousin)"}]}}}, {"Relations": {"Ariadne": "(Acquaintance)"}}]}, {"Behind the Scenes": {"Voice": "Cyrus Nemati"}}]}, {"Dionysus": [{"General Information": [{"Title": "God of Wine"}, {"Type": {"Olympian God": {"(Currently)": {"Demigod": "(Formerly)"}}}}, {"Affiliation": "Mount Olympus"}, {"Keepsake": "Overflowing Cup"}, {"Status Curse": "Hangover"}]}, {"Relationships": [{"Family Tree": "Olympian Family Tree"}, {"Family": {"Zeus": {"Semele (Mother)": [{"Hera": "(Step-Mother)"}, {"Athena": "(Older Half-Sister)"}, {"Ares": "(Older Half-Brother)"}, {"Artemis": "(Older Half-Sister)"}, {"Apollo": "(Older Half-Brother)"}, {"Hephaestus": "(Older Half-Brother)"}, {"Heracles": "(Older Half-Brother)"}, {"Hermes": "(Older Half-Brother)"}, {"Chronos": "(Paternal Grandfather)"}, {"R": {"h": {"e": {"a": {" ": {"(": {"P": {"a": {"t": {"e": {"r": {"n": {"a": {"l": {" ": {"G": {"r": {"a": {"n": {"d": {"m": {"o": {"t": {"h": {"e": {"r": ")"}}}}}}}}}}}}}}}}}}}}}}}}}}, {"Hades": "(Paternal Uncle)"}, {"Poseidon": "(Paternal Uncle)"}, {"Hestia": "(Foster Aunt)"}, {"Demeter": "(Foster Aunt)"}, {"Persephone": "(Foster Cousin)"}, {"Zagreus": "(Paternal Cousin)"}, {"Melino\u00eb": "(Paternal Cousin)"}]}}}, {"Relations": {"Ariadne": "(Acquaintance)"}}]}, {"Behind the Scenes": {"Voice": "Cyrus Nemati"}}]}, {"Ares": [{"General Information": [{"Title": "God of War"}, {"Type": "Olympian God"}, {"Affiliation": "Mount Olympus"}, {"Keepsake": "Blood-Filled Vial"}, {"Status Curse": "Doom"}]}, {"Relationships": [{"Family Tree": "Olympian Family Tree"}, {"Family": {"Zeus": [{"Hera": "(Mother)"}, {"Hephaestus": "(Younger Brother)"}, {"Athena": "(Older Half-Sister)"}, {"Artemis": "(Younger Half-Sister)"}, {"Apollo": "(Younger Half-Brother)"}, {"Heracles": "(Younger Half-Brother)"}, {"Hermes": "(Younger Half-Brother)"}, {"Dionysus": "(Younger Half-Brother)"}, {"Chronos": "(Paternal Grandfather)"}, {"R": {"h": {"e": {"a": {" ": {"(": {"P": {"a": {"t": {"e": {"r": {"n": {"a": {"l": {" ": {"G": {"r": {"a": {"n": {"d": {"m": {"o": {"t": {"h": {"e": {"r": ")"}}}}}}}}}}}}}}}}}}}}}}}}}}, {"Hyperion": "(Maternal Grandfather)"}, {"Theia": "(Maternal Grandmother)"}, {"Hades": "(Paternal Uncle)"}, {"Poseidon": "(Paternal Uncle)"}, {"Hestia": "(Maternal Aunt)"}, {"Demeter": "(Maternal Aunt)"}, {"Helios": "(Maternal Uncle)"}, {"Selene": "(Maternal Aunt)"}, {"Eos": "(Maternal Aunt)"}, {"Persephone": "(Maternal Cousin)"}, {"Zagreus": "(Paternal Cousin)"}, {"Melino\u00eb": "(Paternal Cousin)"}]}}, {"Relations": {"Aphrodite": [{"Eris": "(War Companion/Close Friend)"}, {"Thanatos": "(Close Associate)"}]}}]}, {"Behind the Scenes": {"Voice": "Cyrus Nemati"}}]}, {"Athena": [{"General Information": [{"Title": "Goddess of Wisdom"}, {"Type": "Olympian Goddess"}, {"Affiliation": "Mount Olympus"}, {"Keepsake": "Owl Pendant"}, {"Status Curse": "Exposed"}]}, {"Relationships": [{"Family Tree": "Olympian Family Tree"}, {"Family": {"Zeus": {"Metis (Mother)": [{"Hera": "(Step-Mother)"}, {"Ares": "(Younger Half-Brother)"}, {"Artemis": "(Younger Half-Sister)"}, {"Apollo": "(Younger Half-Brother)"}, {"Hephaestus": "(Younger Half-Brother)"}, {"Heracles": "(Younger Half-Brother)"}, {"Hermes": "(Younger Half-Brother)"}, {"Dionysus": "(Younger Half-Brother)"}, {"Chronos": "(Paternal Grandfather)"}, {"R": {"h": {"e": {"a": {" ": {"(": {"P": {"a": {"t": {"e": {"r": {"n": {"a": {"l": {" ": {"G": {"r": {"a": {"n": {"d": {"m": {"o": {"t": {"h": {"e": {"r": ")"}}}}}}}}}}}}}}}}}}}}}}}}}}, {"Hades": "(Paternal Uncle)"}, {"Poseidon": "(Paternal Uncle)"}, {"Hestia": "(Foster Aunt)"}, {"Demeter": "(Foster Aunt)"}, {"Persephone": "(Foster Cousin)"}, {"Zagreus": "(Paternal Cousin)"}, {"Melino\u00eb": "(Paternal Cousin)"}]}}}, {"Relations": {"Achilles": [{"Arachne": "(Rival)"}, {"Dusa": "(Possible Relationship)"}, {"Odysseus": "(Beneficiary)"}]}}]}, {"Behind the Scenes": {"Voice": "Marin Miller"}}]}, {"Athena": [{"General Information": [{"Title": "Goddess of Wisdom"}, {"Type": "Olympian Goddess"}, {"Affiliation": "Mount Olympus"}, {"Keepsake": "Owl Pendant"}, {"Status Curse": "Exposed"}]}, {"Relationships": [{"Family Tree": "Olympian Family Tree"}, {"Family": {"Zeus": {"Metis (Mother)": [{"Hera": "(Step-Mother)"}, {"Ares": "(Younger Half-Brother)"}, {"Artemis": "(Younger Half-Sister)"}, {"Apollo": "(Younger Half-Brother)"}, {"Hephaestus": "(Younger Half-Brother)"}, {"Heracles": "(Younger Half-Brother)"}, {"Hermes": "(Younger Half-Brother)"}, {"Dionysus": "(Younger Half-Brother)"}, {"Chronos": "(Paternal Grandfather)"}, {"R": {"h": {"e": {"a": {" ": {"(": {"P": {"a": {"t": {"e": {"r": {"n": {"a": {"l": {" ": {"G": {"r": {"a": {"n": {"d": {"m": {"o": {"t": {"h": {"e": {"r": ")"}}}}}}}}}}}}}}}}}}}}}}}}}}, {"Hades": "(Paternal Uncle)"}, {"Poseidon": "(Paternal Uncle)"}, {"Hestia": "(Foster Aunt)"}, {"Demeter": "(Foster Aunt)"}, {"Persephone": "(Foster Cousin)"}, {"Zagreus": "(Paternal Cousin)"}, {"Melino\u00eb": "(Paternal Cousin)"}]}}}, {"Relations": {"Achilles": [{"Arachne": "(Rival)"}, {"Dusa": "(Possible Relationship)"}, {"Odysseus": "(Beneficiary)"}]}}]}, {"Behind the Scenes": {"Voice": "Marin Miller"}}]}, {"Athena": [{"General Information": [{"Title": "Goddess of Wisdom"}, {"Type": "Olympian Goddess"}, {"Affiliation": "Mount Olympus"}, {"Keepsake": "Owl Pendant"}, {"Status Curse": "Exposed"}]}, {"Relationships": [{"Family Tree": "Olympian Family Tree"}, {"Family": {"Zeus": {"Metis (Mother)": [{"Hera": "(Step-Mother)"}, {"Ares": "(Younger Half-Brother)"}, {"Artemis": "(Younger Half-Sister)"}, {"Apollo": "(Younger Half-Brother)"}, {"Hephaestus": "(Younger Half-Brother)"}, {"Heracles": "(Younger Half-Brother)"}, {"Hermes": "(Younger Half-Brother)"}, {"Dionysus": "(Younger Half-Brother)"}, {"Chronos": "(Paternal Grandfather)"}, {"R": {"h": {"e": {"a": {" ": {"(": {"P": {"a": {"t": {"e": {"r": {"n": {"a": {"l": {" ": {"G": {"r": {"a": {"n": {"d": {"m": {"o": {"t": {"h": {"e": {"r": ")"}}}}}}}}}}}}}}}}}}}}}}}}}}, {"Hades": "(Paternal Uncle)"}, {"Poseidon": "(Paternal Uncle)"}, {"Hestia": "(Foster Aunt)"}, {"Demeter": "(Foster Aunt)"}, {"Persephone": "(Foster Cousin)"}, {"Zagreus": "(Paternal Cousin)"}, {"Melino\u00eb": "(Paternal Cousin)"}]}}}, {"Relations": {"Achilles": [{"Arachne": "(Rival)"}, {"Dusa": "(Possible Relationship)"}, {"Odysseus": "(Beneficiary)"}]}}]}, {"Behind the Scenes": {"Voice": "Marin Miller"}}]}, {"Athena": [{"General Information": [{"Title": "Goddess of Wisdom"}, {"Type": "Olympian Goddess"}, {"Affiliation": "Mount Olympus"}, {"Keepsake": "Owl Pendant"}, {"Status Curse": "Exposed"}]}, {"Relationships": [{"Family Tree": "Olympian Family Tree"}, {"Family": {"Zeus": {"Metis (Mother)": [{"Hera": "(Step-Mother)"}, {"Ares": "(Younger Half-Brother)"}, {"Artemis": "(Younger Half-Sister)"}, {"Apollo": "(Younger Half-Brother)"}, {"Hephaestus": "(Younger Half-Brother)"}, {"Heracles": "(Younger Half-Brother)"}, {"Hermes": "(Younger Half-Brother)"}, {"Dionysus": "(Younger Half-Brother)"}, {"Chronos": "(Paternal Grandfather)"}, {"R": {"h": {"e": {"a": {" ": {"(": {"P": {"a": {"t": {"e": {"r": {"n": {"a": {"l": {" ": {"G": {"r": {"a": {"n": {"d": {"m": {"o": {"t": {"h": {"e": {"r": ")"}}}}}}}}}}}}}}}}}}}}}}}}}}, {"Hades": "(Paternal Uncle)"}, {"Poseidon": "(Paternal Uncle)"}, {"Hestia": "(Foster Aunt)"}, {"Demeter": "(Foster Aunt)"}, {"Persephone": "(Foster Cousin)"}, {"Zagreus": "(Paternal Cousin)"}, {"Melino\u00eb": "(Paternal Cousin)"}]}}}, {"Relations": {"Achilles": [{"Arachne": "(Rival)"}, {"Dusa": "(Possible Relationship)"}, {"Odysseus": "(Beneficiary)"}]}}]}, {"Behind the Scenes": {"Voice": "Marin Miller"}}]}, {"Moros": [{"General Information": [{"Title": "Doom Incarnate"}, {"Type": "Chthonic God"}, {"Affiliation": {"The Fates": {"Children of Nyx": "The Crossroads"}}}, {"Keepsake": "Engraved Pin"}]}, {"Relationships": [{"Family Tree": "Chthonic Family Tree"}, {"Family": {"Nyx": [{"The Fates": "(Older Sisters)"}, {"Charon": "(Older Brother)"}, {"Nemesis": "(Younger Sister)"}, {"Thanatos": "(Younger Brother)"}, {"Hypnos": "(Younger Brother)"}, {"Eris": "(Younger Sister)"}, {"Chaos": "(Grandparent)"}]}}, {"Relations": {"Melino\u00eb": "(Ally)"}}]}, {"Behind the Scenes": {"Voice": "Sterling Sulieman"}}]}, {"Doomstone": {"General Information": [{"Location": "Tartarus"}, {"Combat Style": "Beam"}, {"Health": "850"}, {"Armor": "1325"}, {"Base Damage": "2 per tick (34 total per beam)"}]}}, {"Dora": [{"General Information": [{"Title": "Listless Shade"}, {"Keepsake": "Ghost Onion"}]}, {"Relationships": {"Relations": {"Melino\u00eb": "(Friend/Roomate)"}}}, {"Behind the Scenes": {"Voice": "Erin Yvette"}}]}, {"Zeus": [{"Hades": "Hades II"}, {"General Information": [{"Title": "King of the Olympians"}, {"Type": "Olympian God"}, {"Affiliation": "Mount Olympus"}, {"Keepsake I": "Thunder Signet"}, {"Keepsake II": "Cloud Bangle"}, {"Status Curse I": "Jolted"}, {"Status Curse II": "Blitz"}]}, {"Relationships": [{"Family Tree": "Olympian Family Tree"}, {"Family": {"Chronos": {"Rhea (Mother)": [{"Hera": "(Wife)"}, {"Hades": "(Older Brother)"}, {"Poseidon": "(Older Brother)"}, {"Hestia": "(Foster Sister/Sister-in-Law)"}, {"Demeter": "(Foster Sister/Sister-in-Law)"}, {"Athena": "(Daughter)"}, {"Ares": "(Son)"}, {"Artemis": "(Daughter)"}, {"Apollo": "(Son)"}, {"Hephaestus": "(Son)"}, {"Heracles": "(Son)"}, {"Hermes": "(Son)"}, {"Dionysus": "(Son)"}, {"Aphrodite": "(Daughter-in-Law)"}, {"Zagreus": "(Nephew)"}, {"Melino\u00eb": "(Niece)"}]}}}, {"Relations": {"Metis (Former Wife)": {"Leto (Lover)": {"Maia (Lover)": {"Semele (Lover)": "Alcmene (Lover)"}}}}}]}, {"Behind the Scenes": {"Voice": "Peter Canavese"}}]}, {"Dracon": {"General Information": [{"Location": "Asphodel"}, {"Combat Style": "Seeking Projectile"}, {"Health": "120"}, {"Armor": "180"}, {"Base Damage": "?"}]}}, {"Hermes": [{"Hades": "Hades II"}, {"General Information": [{"Title": "God of Swiftness"}, {"Type": "Olympian God"}, {"Affiliation": "Mount Olympus"}, {"Keepsake I": "Lambent Plume"}, {"Keepsake II": "Metallic Droplet"}]}, {"Relationships": [{"Family Tree": "Olympian Family Tree"}, {"Family": {"Zeus": {"Maia (Mother)": [{"Hera": "(Step-Mother)"}, {"Athena": "(Older Half-Sister)"}, {"Ares": "(Older Half-Brother)"}, {"Artemis": "(Older Half-Sister)"}, {"Apollo": "(Older Half-Brother)"}, {"Hephaestus": "(Older Half-Brother)"}, {"Heracles": "(Older Half-Brother)"}, {"Dionysus": "(Younger Half-Brother)"}, {"Chronos": "(Paternal Grandfather)"}, {"R": {"h": {"e": {"a": {" ": {"(": {"P": {"a": {"t": {"e": {"r": {"n": {"a": {"l": {" ": {"G": {"r": {"a": {"n": {"d": {"m": {"o": {"t": {"h": {"e": {"r": ")"}}}}}}}}}}}}}}}}}}}}}}}}}}, {"Hades": "(Paternal Uncle)"}, {"Poseidon": "(Paternal Uncle)"}, {"Hestia": "(Foster Aunt)"}, {"Demeter": "(Foster Aunt)"}, {"Persephone": "(Foster Cousin)"}, {"Zagreus": "(Paternal Cousin)"}, {"Melino\u00eb": "(Paternal Cousin)"}]}}}, {"Relations": {"Charon": [{"Chellen": "(Animal Companion)"}, {"Thanatos": "(Fellow Psychopomp)"}, {"Skelly": "(\"Peer Relationship\")"}]}}]}, {"Behind the Scenes": {"Voice": "Andrew Marks"}}]}, {"Droplet": {"General Information": [{"Location": "Rift of Thessaly"}, {"Combat Style": "Charge/Melee"}, {"Health": "110"}, {"Armor": "110"}]}}, {"Dionysus": [{"General Information": [{"Title": "God of Wine"}, {"Type": {"Olympian God": {"(Currently)": {"Demigod": "(Formerly)"}}}}, {"Affiliation": "Mount Olympus"}, {"Keepsake": "Overflowing Cup"}, {"Status Curse": "Hangover"}]}, {"Relationships": [{"Family Tree": "Olympian Family Tree"}, {"Family": {"Zeus": {"Semele (Mother)": [{"Hera": "(Step-Mother)"}, {"Athena": "(Older Half-Sister)"}, {"Ares": "(Older Half-Brother)"}, {"Artemis": "(Older Half-Sister)"}, {"Apollo": "(Older Half-Brother)"}, {"Hephaestus": "(Older Half-Brother)"}, {"Heracles": "(Older Half-Brother)"}, {"Hermes": "(Older Half-Brother)"}, {"Chronos": "(Paternal Grandfather)"}, {"R": {"h": {"e": {"a": {" ": {"(": {"P": {"a": {"t": {"e": {"r": {"n": {"a": {"l": {" ": {"G": {"r": {"a": {"n": {"d": {"m": {"o": {"t": {"h": {"e": {"r": ")"}}}}}}}}}}}}}}}}}}}}}}}}}}, {"Hades": "(Paternal Uncle)"}, {"Poseidon": "(Paternal Uncle)"}, {"Hestia": "(Foster Aunt)"}, {"Demeter": "(Foster Aunt)"}, {"Persephone": "(Foster Cousin)"}, {"Zagreus": "(Paternal Cousin)"}, {"Melino\u00eb": "(Paternal Cousin)"}]}}}, {"Relations": {"Ariadne": "(Acquaintance)"}}]}, {"Behind the Scenes": {"Voice": "Cyrus Nemati"}}]}, {"Dionysus": [{"General Information": [{"Title": "God of Wine"}, {"Type": {"Olympian God": {"(Currently)": {"Demigod": "(Formerly)"}}}}, {"Affiliation": "Mount Olympus"}, {"Keepsake": "Overflowing Cup"}, {"Status Curse": "Hangover"}]}, {"Relationships": [{"Family Tree": "Olympian Family Tree"}, {"Family": {"Zeus": {"Semele (Mother)": [{"Hera": "(Step-Mother)"}, {"Athena": "(Older Half-Sister)"}, {"Ares": "(Older Half-Brother)"}, {"Artemis": "(Older Half-Sister)"}, {"Apollo": "(Older Half-Brother)"}, {"Hephaestus": "(Older Half-Brother)"}, {"Heracles": "(Older Half-Brother)"}, {"Hermes": "(Older Half-Brother)"}, {"Chronos": "(Paternal Grandfather)"}, {"R": {"h": {"e": {"a": {" ": {"(": {"P": {"a": {"t": {"e": {"r": {"n": {"a": {"l": {" ": {"G": {"r": {"a": {"n": {"d": {"m": {"o": {"t": {"h": {"e": {"r": ")"}}}}}}}}}}}}}}}}}}}}}}}}}}, {"Hades": "(Paternal Uncle)"}, {"Poseidon": "(Paternal Uncle)"}, {"Hestia": "(Foster Aunt)"}, {"Demeter": "(Foster Aunt)"}, {"Persephone": "(Foster Cousin)"}, {"Zagreus": "(Paternal Cousin)"}, {"Melino\u00eb": "(Paternal Cousin)"}]}}}, {"Relations": {"Ariadne": "(Acquaintance)"}}]}, {"Behind the Scenes": {"Voice": "Cyrus Nemati"}}]}, {"Dionysus": [{"General Information": [{"Title": "God of Wine"}, {"Type": {"Olympian God": {"(Currently)": {"Demigod": "(Formerly)"}}}}, {"Affiliation": "Mount Olympus"}, {"Keepsake": "Overflowing Cup"}, {"Status Curse": "Hangover"}]}, {"Relationships": [{"Family Tree": "Olympian Family Tree"}, {"Family": {"Zeus": {"Semele (Mother)": [{"Hera": "(Step-Mother)"}, {"Athena": "(Older Half-Sister)"}, {"Ares": "(Older Half-Brother)"}, {"Artemis": "(Older Half-Sister)"}, {"Apollo": "(Older Half-Brother)"}, {"Hephaestus": "(Older Half-Brother)"}, {"Heracles": "(Older Half-Brother)"}, {"Hermes": "(Older Half-Brother)"}, {"Chronos": "(Paternal Grandfather)"}, {"R": {"h": {"e": {"a": {" ": {"(": {"P": {"a": {"t": {"e": {"r": {"n": {"a": {"l": {" ": {"G": {"r": {"a": {"n": {"d": {"m": {"o": {"t": {"h": {"e": {"r": ")"}}}}}}}}}}}}}}}}}}}}}}}}}}, {"Hades": "(Paternal Uncle)"}, {"Poseidon": "(Paternal Uncle)"}, {"Hestia": "(Foster Aunt)"}, {"Demeter": "(Foster Aunt)"}, {"Persephone": "(Foster Cousin)"}, {"Zagreus": "(Paternal Cousin)"}, {"Melino\u00eb": "(Paternal Cousin)"}]}}}, {"Relations": {"Ariadne": "(Acquaintance)"}}]}, {"Behind the Scenes": {"Voice": "Cyrus Nemati"}}]}, {"Dusa": [{"General Information": [{"Title": "Duty-Bound Gorgon"}, {"Affiliation": "House of Hades"}, {"Keepsake": "Harpy Feather Duster"}]}, {"Relationships": {"Relations": {"Zagreus": [{"Megaera": "(Best Friend/Honorary Sister)"}, {"Athena": "(Possible Relationship)"}, {"Nyx": "(Employer)"}, {"Thanatos": "(Colleague)"}, {"Hypnos": "(Colleague)"}]}}}, {"Behind the Scenes": {"Voice": "Courtney Vineys"}}]}, {"Aphrodite": [{"Hades": "Hades II"}, {"General Information": [{"Title": "Goddess of Love"}, {"Type": "Olympian Goddess"}, {"Affiliation": "Mount Olympus"}, {"Keepsake I": "Eternal Rose"}, {"Keepsake II": "Beautiful Mirror"}, {"Status Curse I": "Weak"}, {"Status Curse II": "Weak"}]}, {"Relationships": [{"Family": {"Hephaestus": [{"Zeus": "(Father-in-Law)"}, {"Hera": "(Mother-in-Law)"}, {"Ares": "(Brother-in-Law)"}, {"Hades": "(Uncle-in-Law)"}, {"Poseidon": "(Uncle-in-Law)"}, {"Hestia": "(Aunt-in-Law)"}, {"Demeter": "(Aunt-in-Law)"}, {"Helios": "(Uncle-in-Law)"}, {"Selene": "(Aunt-in-Law)"}, {"Eos": "(Aunt-in-Law)"}]}}, {"Relations": {"Ares (Lover)": {"Charon": "(Crush)"}}}]}, {"Behind the Scenes": {"Voice": "Courtney Vineys"}}]}, {"Echo": [{"General Information": [{"Title": "Dispirited Nymph"}, {"Type": "Shade"}, {"Keepsake": "Concave Stone"}]}, {"Relationships": {"Relations": {"Narcissus": "(Former Crush/Friend) \u2020"}}}, {"Behind the Scenes": {"Voice": "Judy Alice Lee"}}]}, {"Eidolon": {"General Information": [{"Location": "City of Ephyra"}, {"Combat Style": "Ranged"}, {"Health": "330 (Eye: 20)"}, {"Armor": "340 (Eye: 20)"}]}}, {"Zeus": [{"Hades": "Hades II"}, {"General Information": [{"Title": "King of the Olympians"}, {"Type": "Olympian God"}, {"Affiliation": "Mount Olympus"}, {"Keepsake I": "Thunder Signet"}, {"Keepsake II": "Cloud Bangle"}, {"Status Curse I": "Jolted"}, {"Status Curse II": "Blitz"}]}, {"Relationships": [{"Family Tree": "Olympian Family Tree"}, {"Family": {"Chronos": {"Rhea (Mother)": [{"Hera": "(Wife)"}, {"Hades": "(Older Brother)"}, {"Poseidon": "(Older Brother)"}, {"Hestia": "(Foster Sister/Sister-in-Law)"}, {"Demeter": "(Foster Sister/Sister-in-Law)"}, {"Athena": "(Daughter)"}, {"Ares": "(Son)"}, {"Artemis": "(Daughter)"}, {"Apollo": "(Son)"}, {"Hephaestus": "(Son)"}, {"Heracles": "(Son)"}, {"Hermes": "(Son)"}, {"Dionysus": "(Son)"}, {"Aphrodite": "(Daughter-in-Law)"}, {"Zagreus": "(Nephew)"}, {"Melino\u00eb": "(Niece)"}]}}}, {"Relations": {"Metis (Former Wife)": {"Leto (Lover)": {"Maia (Lover)": {"Semele (Lover)": "Alcmene (Lover)"}}}}}]}, {"Behind the Scenes": {"Voice": "Peter Canavese"}}]}, {"Aphrodite": [{"Hades": "Hades II"}, {"General Information": [{"Title": "Goddess of Love"}, {"Type": "Olympian Goddess"}, {"Affiliation": "Mount Olympus"}, {"Keepsake I": "Eternal Rose"}, {"Keepsake II": "Beautiful Mirror"}, {"Status Curse I": "Weak"}, {"Status Curse II": "Weak"}]}, {"Relationships": [{"Family": {"Hephaestus": [{"Zeus": "(Father-in-Law)"}, {"Hera": "(Mother-in-Law)"}, {"Ares": "(Brother-in-Law)"}, {"Hades": "(Uncle-in-Law)"}, {"Poseidon": "(Uncle-in-Law)"}, {"Hestia": "(Aunt-in-Law)"}, {"Demeter": "(Aunt-in-Law)"}, {"Helios": "(Uncle-in-Law)"}, {"Selene": "(Aunt-in-Law)"}, {"Eos": "(Aunt-in-Law)"}]}}, {"Relations": {"Ares (Lover)": {"Charon": "(Crush)"}}}]}, {"Behind the Scenes": {"Voice": "Courtney Vineys"}}]}, {"Ares": [{"General Information": [{"Title": "God of War"}, {"Type": "Olympian God"}, {"Affiliation": "Mount Olympus"}, {"Keepsake": "Blood-Filled Vial"}, {"Status Curse": "Doom"}]}, {"Relationships": [{"Family Tree": "Olympian Family Tree"}, {"Family": {"Zeus": [{"Hera": "(Mother)"}, {"Hephaestus": "(Younger Brother)"}, {"Athena": "(Older Half-Sister)"}, {"Artemis": "(Younger Half-Sister)"}, {"Apollo": "(Younger Half-Brother)"}, {"Heracles": "(Younger Half-Brother)"}, {"Hermes": "(Younger Half-Brother)"}, {"Dionysus": "(Younger Half-Brother)"}, {"Chronos": "(Paternal Grandfather)"}, {"R": {"h": {"e": {"a": {" ": {"(": {"P": {"a": {"t": {"e": {"r": {"n": {"a": {"l": {" ": {"G": {"r": {"a": {"n": {"d": {"m": {"o": {"t": {"h": {"e": {"r": ")"}}}}}}}}}}}}}}}}}}}}}}}}}}, {"Hyperion": "(Maternal Grandfather)"}, {"Theia": "(Maternal Grandmother)"}, {"Hades": "(Paternal Uncle)"}, {"Poseidon": "(Paternal Uncle)"}, {"Hestia": "(Maternal Aunt)"}, {"Demeter": "(Maternal Aunt)"}, {"Helios": "(Maternal Uncle)"}, {"Selene": "(Maternal Aunt)"}, {"Eos": "(Maternal Aunt)"}, {"Persephone": "(Maternal Cousin)"}, {"Zagreus": "(Paternal Cousin)"}, {"Melino\u00eb": "(Paternal Cousin)"}]}}, {"Relations": {"Aphrodite": [{"Eris": "(War Companion/Close Friend)"}, {"Thanatos": "(Close Associate)"}]}}]}, {"Behind the Scenes": {"Voice": "Cyrus Nemati"}}]}, {"Megaera": {"General Information": [{"Location": "Tartarus"}, {"Combat Style": "Various"}, {"Health": "4400 (Standard) 4800 (Extreme Measures 1)"}, {"Base Damage": "Varies"}]}}]